exp_id,job_id,job_time,backend,shots,archt,qubits,layers,rhs,innerp,qae,qae_method,max_power,iae_epsilon_target,iae_alpha,fae_delta,fae_rescale,samples,rotations,entangler,mixer,driver,driver_per,initial_qaoa,sabre,mapomatic,DD
b1fbf93c-03a1-4d06-96c6-bc19b99e5e50,['794b2ee3-9120-40dd-9c22-250aa6967fd1'],"24/06/2022, 11:43:35",simulator,[1000],linear,3,0,hn,HTest,False,mlae,5,0.1,0.05,0.01,True,50,['ry'],cz,rx,rzz,ryy,hadamards,True,False,False
eb0bfe38-beb6-48bf-b934-e5594a3a2bbe,['0973e1a4-324e-4bdd-a8e4-57a8cdc096da'],"24/06/2022, 11:43:37",simulator,[1000],linear,3,1,hn,HTest,False,mlae,5,0.1,0.05,0.01,True,50,['ry'],cz,rx,rzz,ryy,hadamards,True,False,False
8956d343-9bb3-4462-b732-606d8c37a5f1,['8290da5c-43a5-4224-8b9b-d53704d334e0'],"24/06/2022, 11:43:39",simulator,[1000],linear,3,2,hn,HTest,False,mlae,5,0.1,0.05,0.01,True,50,['ry'],cz,rx,rzz,ryy,hadamards,True,False,False
5c842a35-df42-436c-807a-7012f3b89a13,['d0e8a964-50b5-4200-b46d-e04f5636efd4'],"24/06/2022, 11:43:42",simulator,[1000],linear,3,3,hn,HTest,False,mlae,5,0.1,0.05,0.01,True,50,['ry'],cz,rx,rzz,ryy,hadamards,True,False,False
a16600e2-5e4d-47d8-9d27-9311e4d1ab7b,['51f69eb4-0fd8-4c47-affa-36c5ef67194c'],"24/06/2022, 11:43:44",simulator,[1000],linear,3,4,hn,HTest,False,mlae,5,0.1,0.05,0.01,True,50,['ry'],cz,rx,rzz,ryy,hadamards,True,False,False
5f731f91-5c8b-4b52-9afe-bed22980b3c6,['9178cff4-0456-4ee8-9829-328eb14c5b1d'],"24/06/2022, 11:43:46",simulator,[1000],linear,3,5,hn,HTest,False,mlae,5,0.1,0.05,0.01,True,50,['ry'],cz,rx,rzz,ryy,hadamards,True,False,False
5f84f133-af1e-404a-b1bd-9cd953da95b8,['08a9193c-7101-448e-83b1-7a30e7d383f0'],"24/06/2022, 11:43:48",simulator,[1000],linear,5,0,hn,HTest,False,mlae,5,0.1,0.05,0.01,True,50,['ry'],cz,rx,rzz,ryy,hadamards,True,False,False
34a5c38c-9f4a-4e93-819e-22758d89ef9d,['7ec7e7d9-c52d-42b1-8a5d-0f5f6224b097'],"24/06/2022, 11:43:51",simulator,[1000],linear,5,1,hn,HTest,False,mlae,5,0.1,0.05,0.01,True,50,['ry'],cz,rx,rzz,ryy,hadamards,True,False,False
7f268c25-2dbf-42ec-8962-c8224ba71cae,['473d2f88-4cb1-4566-ab7b-2d0b583c2b15'],"24/06/2022, 11:43:53",simulator,[1000],linear,5,2,hn,HTest,False,mlae,5,0.1,0.05,0.01,True,50,['ry'],cz,rx,rzz,ryy,hadamards,True,False,False
4aee2bbc-21f2-453e-9ab4-079a7eafbe88,['a20538e2-ffa8-4e39-98a0-2db163fe2b00'],"24/06/2022, 11:43:55",simulator,[1000],linear,5,3,hn,HTest,False,mlae,5,0.1,0.05,0.01,True,50,['ry'],cz,rx,rzz,ryy,hadamards,True,False,False
ece07592-98db-40de-a5ad-11b242265c67,['97a68e6b-35a5-46a1-a6cd-f2cf33a24520'],"24/06/2022, 11:43:58",simulator,[1000],linear,5,4,hn,HTest,False,mlae,5,0.1,0.05,0.01,True,50,['ry'],cz,rx,rzz,ryy,hadamards,True,False,False
9426caef-910c-4965-93fb-4063ec2f85ef,['dae9e386-2912-4217-920b-cbc975e6dc13'],"24/06/2022, 11:44:01",simulator,[1000],linear,5,5,hn,HTest,False,mlae,5,0.1,0.05,0.01,True,50,['ry'],cz,rx,rzz,ryy,hadamards,True,False,False
b22b922e-d18b-41f9-8f51-6af99fcd39d8,['0ecd5615-07fb-498c-aab2-66e79e09df65'],"24/06/2022, 11:44:03",simulator,[1000],linear,10,0,hn,HTest,False,mlae,5,0.1,0.05,0.01,True,50,['ry'],cz,rx,rzz,ryy,hadamards,True,False,False
76810ef6-0927-4f23-91fd-4d620d13d5ab,['8a9139bc-1b47-4858-b3ea-fee92c7e3329'],"24/06/2022, 11:44:06",simulator,[1000],linear,10,1,hn,HTest,False,mlae,5,0.1,0.05,0.01,True,50,['ry'],cz,rx,rzz,ryy,hadamards,True,False,False
bf23602b-0396-481a-ab7c-c9b5603d1223,['15ec1888-4bec-4ced-a764-7c82f06307eb'],"24/06/2022, 11:44:09",simulator,[1000],linear,10,2,hn,HTest,False,mlae,5,0.1,0.05,0.01,True,50,['ry'],cz,rx,rzz,ryy,hadamards,True,False,False
a63cf254-241b-4ef7-b15b-d55c39b3caf5,['a740fec4-de34-4f6a-93ee-16469eff345b'],"24/06/2022, 11:44:12",simulator,[1000],linear,10,3,hn,HTest,False,mlae,5,0.1,0.05,0.01,True,50,['ry'],cz,rx,rzz,ryy,hadamards,True,False,False
3e71bb72-4977-48bc-a1b6-924c0aa59762,['54568e9b-a3c8-4fa8-851f-9e1139dc2b0c'],"24/06/2022, 11:44:15",simulator,[1000],linear,10,4,hn,HTest,False,mlae,5,0.1,0.05,0.01,True,50,['ry'],cz,rx,rzz,ryy,hadamards,True,False,False
939721ef-e74b-4b8b-8657-69e9fa639704,['3b0237af-0fc5-43d4-8943-7bb4af6e2802'],"24/06/2022, 11:44:18",simulator,[1000],linear,10,5,hn,HTest,False,mlae,5,0.1,0.05,0.01,True,50,['ry'],cz,rx,rzz,ryy,hadamards,True,False,False
226445a5-68be-4413-80ec-baaef48934d5,['62b5877d4368ccd884cf0382'],"24/06/2022, 11:44:29",ibmq_ehningen,[1000],linear,3,0,hn,HTest,False,mlae,5,0.1,0.05,0.01,True,50,['ry'],cz,rx,rzz,ryy,hadamards,True,False,False
c2a35545-e3ed-49b2-9b90-dff723bdce8c,['62b58783f5e8ea4241a2e201'],"24/06/2022, 11:44:35",ibmq_ehningen,[1000],linear,3,1,hn,HTest,False,mlae,5,0.1,0.05,0.01,True,50,['ry'],cz,rx,rzz,ryy,hadamards,True,False,False
8fcdb504-ef38-423b-8412-a9067265825c,['62b58789237e87a82d132641'],"24/06/2022, 11:44:41",ibmq_ehningen,[1000],linear,3,2,hn,HTest,False,mlae,5,0.1,0.05,0.01,True,50,['ry'],cz,rx,rzz,ryy,hadamards,True,False,False
482f53c8-4406-4826-9a0e-22e942b0882a,['62b587904368cc5b2bcf0383'],"24/06/2022, 11:44:48",ibmq_ehningen,[1000],linear,3,3,hn,HTest,False,mlae,5,0.1,0.05,0.01,True,50,['ry'],cz,rx,rzz,ryy,hadamards,True,False,False
0793ada1-5e72-4a6e-a8c9-d5b4cf9e391a,['62b587984368cc33c4cf0384'],"24/06/2022, 11:44:56",ibmq_ehningen,[1000],linear,3,4,hn,HTest,False,mlae,5,0.1,0.05,0.01,True,50,['ry'],cz,rx,rzz,ryy,hadamards,True,False,False
bb86e54e-9912-4568-bc43-043cf3205cdd,['62b587a170abc2784cb1d9a3'],"24/06/2022, 11:45:05",ibmq_ehningen,[1000],linear,3,5,hn,HTest,False,mlae,5,0.1,0.05,0.01,True,50,['ry'],cz,rx,rzz,ryy,hadamards,True,False,False
04f0103b-0107-4d38-8416-5dbc86c9cc96,['62b587a6f5e8ea73eca2e203'],"24/06/2022, 11:45:10",ibmq_ehningen,[1000],linear,5,0,hn,HTest,False,mlae,5,0.1,0.05,0.01,True,50,['ry'],cz,rx,rzz,ryy,hadamards,True,False,False
7bbb8bf4-9ae5-40d2-908e-fe56fa2e9b62,['62b587ac70abc2498cb1d9a4'],"24/06/2022, 11:45:16",ibmq_ehningen,[1000],linear,5,1,hn,HTest,False,mlae,5,0.1,0.05,0.01,True,50,['ry'],cz,rx,rzz,ryy,hadamards,True,False,False
a2056533-bdce-49ee-b1ea-77b03a338f12,['62b587b3237e87e609132642'],"24/06/2022, 11:45:23",ibmq_ehningen,[1000],linear,5,2,hn,HTest,False,mlae,5,0.1,0.05,0.01,True,50,['ry'],cz,rx,rzz,ryy,hadamards,True,False,False
c25558cf-bc10-4fee-bd90-33f3480b4117,['62b587bb70abc27768b1d9a5'],"24/06/2022, 11:45:31",ibmq_ehningen,[1000],linear,5,3,hn,HTest,False,mlae,5,0.1,0.05,0.01,True,50,['ry'],cz,rx,rzz,ryy,hadamards,True,False,False
398679e9-a352-4519-8fd1-a3ff01590dfd,['62b587c54368cc4b90cf0385'],"24/06/2022, 11:45:41",ibmq_ehningen,[1000],linear,5,4,hn,HTest,False,mlae,5,0.1,0.05,0.01,True,50,['ry'],cz,rx,rzz,ryy,hadamards,True,False,False
60bcfe79-0d4f-4334-ad99-bee38c11ecd6,['62b587cf70abc24243b1d9a6'],"24/06/2022, 11:45:51",ibmq_ehningen,[1000],linear,5,5,hn,HTest,False,mlae,5,0.1,0.05,0.01,True,50,['ry'],cz,rx,rzz,ryy,hadamards,True,False,False
2bb08215-973d-4518-9a5c-0be2f5a1b6f4,['62b587d5237e87613a132643'],"24/06/2022, 11:45:57",ibmq_ehningen,[1000],linear,10,0,hn,HTest,False,mlae,5,0.1,0.05,0.01,True,50,['ry'],cz,rx,rzz,ryy,hadamards,True,False,False
99586a20-55c1-4e2f-88b0-1a7e8e37b6a9,['62b587dd4368cc4c1ecf0386'],"24/06/2022, 11:46:05",ibmq_ehningen,[1000],linear,10,1,hn,HTest,False,mlae,5,0.1,0.05,0.01,True,50,['ry'],cz,rx,rzz,ryy,hadamards,True,False,False
7547c79a-7aa8-4c29-bfa0-0f9d83f36cf9,['62b587e8237e870e52132644'],"24/06/2022, 11:46:16",ibmq_ehningen,[1000],linear,10,2,hn,HTest,False,mlae,5,0.1,0.05,0.01,True,50,['ry'],cz,rx,rzz,ryy,hadamards,True,False,False
f18aab13-fbad-43b0-94a8-8f4909c24d6b,['62b587f4237e876f0a132645'],"24/06/2022, 11:46:28",ibmq_ehningen,[1000],linear,10,3,hn,HTest,False,mlae,5,0.1,0.05,0.01,True,50,['ry'],cz,rx,rzz,ryy,hadamards,True,False,False
dcee2dbc-3057-407c-8fcc-5102b7d88a33,['62b58804237e874527132646'],"24/06/2022, 11:46:44",ibmq_ehningen,[1000],linear,10,4,hn,HTest,False,mlae,5,0.1,0.05,0.01,True,50,['ry'],cz,rx,rzz,ryy,hadamards,True,False,False
005523bb-1e19-45b3-ae2a-544ff4298aa0,['62b588174368cc0594cf0387'],"24/06/2022, 11:47:03",ibmq_ehningen,[1000],linear,10,5,hn,HTest,False,mlae,5,0.1,0.05,0.01,True,50,['ry'],cz,rx,rzz,ryy,hadamards,True,False,False
744484ba-60be-440f-ac68-1193fc347e79,['e1796dc9-43e3-4624-bbb0-e23c501c7e3d'],"24/06/2022, 11:48:05",simulator,[1000],linear,3,0,hn,Overlap,False,mlae,5,0.1,0.05,0.01,True,50,['ry'],cz,rx,rzz,ryy,hadamards,True,False,False
e9e2ac51-b6ed-4672-ae0b-468ed0c30960,['8e2ec7e0-3fa7-4175-8b90-7ca7beb8dc8a'],"24/06/2022, 11:48:07",simulator,[1000],linear,3,1,hn,Overlap,False,mlae,5,0.1,0.05,0.01,True,50,['ry'],cz,rx,rzz,ryy,hadamards,True,False,False
85628217-7484-4454-b7c2-9a174f32b77d,['a8bf5a8b-0a83-40eb-8fbe-84fd62048c54'],"24/06/2022, 11:48:09",simulator,[1000],linear,3,2,hn,Overlap,False,mlae,5,0.1,0.05,0.01,True,50,['ry'],cz,rx,rzz,ryy,hadamards,True,False,False
4e278463-383f-4ca6-9e31-cc195cf61e41,['0149288f-b7a3-4240-b00d-5bdfaef1e657'],"24/06/2022, 11:48:12",simulator,[1000],linear,3,3,hn,Overlap,False,mlae,5,0.1,0.05,0.01,True,50,['ry'],cz,rx,rzz,ryy,hadamards,True,False,False
c78f9c76-b06d-46cb-a63a-992b42828a6b,['f00020e4-2400-43c4-aebe-a81dc0234adb'],"24/06/2022, 11:48:14",simulator,[1000],linear,3,4,hn,Overlap,False,mlae,5,0.1,0.05,0.01,True,50,['ry'],cz,rx,rzz,ryy,hadamards,True,False,False
81d33197-cdcb-411a-84a8-f070f07fde6c,['db74a5fd-913b-4630-a128-b8b0c87c48cd'],"24/06/2022, 11:48:16",simulator,[1000],linear,3,5,hn,Overlap,False,mlae,5,0.1,0.05,0.01,True,50,['ry'],cz,rx,rzz,ryy,hadamards,True,False,False
21ea27ba-5652-4d1a-8366-00568d820f3b,['b76fa1c2-b585-4a95-96e4-2635969c29eb'],"24/06/2022, 11:48:18",simulator,[1000],linear,5,0,hn,Overlap,False,mlae,5,0.1,0.05,0.01,True,50,['ry'],cz,rx,rzz,ryy,hadamards,True,False,False
38ccf343-0dd9-4e96-8e89-f4a1256aa819,['b790ea3d-458f-40ac-a02d-4ab38c6be834'],"24/06/2022, 11:48:20",simulator,[1000],linear,5,1,hn,Overlap,False,mlae,5,0.1,0.05,0.01,True,50,['ry'],cz,rx,rzz,ryy,hadamards,True,False,False
3af4bd96-ab69-4fe7-b7c4-40a250e31064,['3a98f11f-159a-41b1-92e0-52ba4bbcd896'],"24/06/2022, 11:48:22",simulator,[1000],linear,5,2,hn,Overlap,False,mlae,5,0.1,0.05,0.01,True,50,['ry'],cz,rx,rzz,ryy,hadamards,True,False,False
1f048574-a71a-48ab-ab4e-d9c8827fcbb8,['747795ce-9948-4289-8957-334bdf95d813'],"24/06/2022, 11:48:25",simulator,[1000],linear,5,3,hn,Overlap,False,mlae,5,0.1,0.05,0.01,True,50,['ry'],cz,rx,rzz,ryy,hadamards,True,False,False
533eb392-808e-4613-9f5a-a35fc3f5467a,['5899f686-7fb5-44c6-8171-ae4912212049'],"24/06/2022, 11:48:27",simulator,[1000],linear,5,4,hn,Overlap,False,mlae,5,0.1,0.05,0.01,True,50,['ry'],cz,rx,rzz,ryy,hadamards,True,False,False
73d4898a-c85c-4876-9bfc-8497361be635,['87e7cba8-ba2d-4b2e-a15a-cb728943c78d'],"24/06/2022, 11:48:29",simulator,[1000],linear,5,5,hn,Overlap,False,mlae,5,0.1,0.05,0.01,True,50,['ry'],cz,rx,rzz,ryy,hadamards,True,False,False
07f20830-7c78-4185-bb1d-dd110804a94d,['9347308b-d332-4533-9b44-66b834009c23'],"24/06/2022, 11:48:31",simulator,[1000],linear,10,0,hn,Overlap,False,mlae,5,0.1,0.05,0.01,True,50,['ry'],cz,rx,rzz,ryy,hadamards,True,False,False
556e8247-8463-4afe-bf1d-1c2a65c5baa8,['ab62de42-df96-493a-9898-cd11691cfa43'],"24/06/2022, 11:48:34",simulator,[1000],linear,10,1,hn,Overlap,False,mlae,5,0.1,0.05,0.01,True,50,['ry'],cz,rx,rzz,ryy,hadamards,True,False,False
b7547c0d-4d66-43b0-a0fa-78e7c1b2455e,['dc3d0148-e7ea-4838-9aa7-0452ec6c5b9b'],"24/06/2022, 11:48:36",simulator,[1000],linear,10,2,hn,Overlap,False,mlae,5,0.1,0.05,0.01,True,50,['ry'],cz,rx,rzz,ryy,hadamards,True,False,False
c7a393f3-b509-4482-b4b9-d557a31d8ecc,['9540ab6a-5362-4e66-b327-152cb46e7581'],"24/06/2022, 11:48:39",simulator,[1000],linear,10,3,hn,Overlap,False,mlae,5,0.1,0.05,0.01,True,50,['ry'],cz,rx,rzz,ryy,hadamards,True,False,False
b7f5ca89-d349-41a8-b943-823494d2f784,['490db10c-26f8-4e20-9c34-98483fa7aed0'],"24/06/2022, 11:48:41",simulator,[1000],linear,10,4,hn,Overlap,False,mlae,5,0.1,0.05,0.01,True,50,['ry'],cz,rx,rzz,ryy,hadamards,True,False,False
f5d2d2d8-7d63-4ba6-aea6-fffd5bc3a0a1,['28617d54-35da-434b-b778-81833132d343'],"24/06/2022, 11:48:44",simulator,[1000],linear,10,5,hn,Overlap,False,mlae,5,0.1,0.05,0.01,True,50,['ry'],cz,rx,rzz,ryy,hadamards,True,False,False
526976ac-e130-4961-82ec-8bceb7cb16e0,['62b5888770abc26c2db1d9a7'],"24/06/2022, 11:48:54",ibmq_ehningen,[1000],linear,3,0,hn,Overlap,False,mlae,5,0.1,0.05,0.01,True,50,['ry'],cz,rx,rzz,ryy,hadamards,True,False,False
1cc31a0e-2ed0-499a-8dec-ac29690593d7,['62b5888c4368cc2ccfcf0388'],"24/06/2022, 11:49:00",ibmq_ehningen,[1000],linear,3,1,hn,Overlap,False,mlae,5,0.1,0.05,0.01,True,50,['ry'],cz,rx,rzz,ryy,hadamards,True,False,False
7e68085e-58da-4226-813c-5a2a2eadb2cb,['62b5889170abc203dab1d9a8'],"24/06/2022, 11:49:05",ibmq_ehningen,[1000],linear,3,2,hn,Overlap,False,mlae,5,0.1,0.05,0.01,True,50,['ry'],cz,rx,rzz,ryy,hadamards,True,False,False
3fbf2eae-8f4e-4234-acdc-119f6b8900de,['62b5889770abc2b7abb1d9a9'],"24/06/2022, 11:49:11",ibmq_ehningen,[1000],linear,3,3,hn,Overlap,False,mlae,5,0.1,0.05,0.01,True,50,['ry'],cz,rx,rzz,ryy,hadamards,True,False,False
8f671977-a7e5-4182-89bb-6f4919f6a1fe,['62b5889c70abc2c4d7b1d9aa'],"24/06/2022, 11:49:16",ibmq_ehningen,[1000],linear,3,4,hn,Overlap,False,mlae,5,0.1,0.05,0.01,True,50,['ry'],cz,rx,rzz,ryy,hadamards,True,False,False
a90fb2ec-f9d7-4b51-bbc8-bfb9190bd5c7,['62b588a04368cc983dcf0389'],"24/06/2022, 11:49:20",ibmq_ehningen,[1000],linear,3,5,hn,Overlap,False,mlae,5,0.1,0.05,0.01,True,50,['ry'],cz,rx,rzz,ryy,hadamards,True,False,False
cf66c1f0-0dbc-49a3-8844-234fe3778af9,['62b588a5237e871a2f132647'],"24/06/2022, 11:49:25",ibmq_ehningen,[1000],linear,5,0,hn,Overlap,False,mlae,5,0.1,0.05,0.01,True,50,['ry'],cz,rx,rzz,ryy,hadamards,True,False,False
094538c7-5539-458a-bf69-3b64548f9e86,['62b588ab237e87fb80132648'],"24/06/2022, 11:49:31",ibmq_ehningen,[1000],linear,5,1,hn,Overlap,False,mlae,5,0.1,0.05,0.01,True,50,['ry'],cz,rx,rzz,ryy,hadamards,True,False,False
f529df30-348d-4e11-b823-6cf840b9d0d4,['62b588b070abc26060b1d9ab'],"24/06/2022, 11:49:36",ibmq_ehningen,[1000],linear,5,2,hn,Overlap,False,mlae,5,0.1,0.05,0.01,True,50,['ry'],cz,rx,rzz,ryy,hadamards,True,False,False
33b5341b-2cc4-4cc9-aca5-6a4901eb91c0,['62b588b54368cc2486cf038b'],"24/06/2022, 11:49:41",ibmq_ehningen,[1000],linear,5,3,hn,Overlap,False,mlae,5,0.1,0.05,0.01,True,50,['ry'],cz,rx,rzz,ryy,hadamards,True,False,False
88fa9a18-86b7-4d47-a7b7-ed89b1732432,['62b588bbf5e8ea2c83a2e205'],"24/06/2022, 11:49:47",ibmq_ehningen,[1000],linear,5,4,hn,Overlap,False,mlae,5,0.1,0.05,0.01,True,50,['ry'],cz,rx,rzz,ryy,hadamards,True,False,False
d73fc297-f906-4022-a590-01b1ca9acfd1,['62b588c070abc2328fb1d9ac'],"24/06/2022, 11:49:52",ibmq_ehningen,[1000],linear,5,5,hn,Overlap,False,mlae,5,0.1,0.05,0.01,True,50,['ry'],cz,rx,rzz,ryy,hadamards,True,False,False
085ef5e2-6f06-48f2-85c1-99095991928c,['62b588c44368cc5700cf038c'],"24/06/2022, 11:49:56",ibmq_ehningen,[1000],linear,10,0,hn,Overlap,False,mlae,5,0.1,0.05,0.01,True,50,['ry'],cz,rx,rzz,ryy,hadamards,True,False,False
52e18fa0-b946-49e2-8bf7-a724dbe76212,['62b588c9f5e8ea693fa2e206'],"24/06/2022, 11:50:01",ibmq_ehningen,[1000],linear,10,1,hn,Overlap,False,mlae,5,0.1,0.05,0.01,True,50,['ry'],cz,rx,rzz,ryy,hadamards,True,False,False
7eb2f887-aa63-4e38-9443-00f1062dd506,['62b588ce4368cc7652cf038d'],"24/06/2022, 11:50:06",ibmq_ehningen,[1000],linear,10,2,hn,Overlap,False,mlae,5,0.1,0.05,0.01,True,50,['ry'],cz,rx,rzz,ryy,hadamards,True,False,False
68a75757-8f7d-4985-959f-f5f79da9467a,['62b588d4f5e8ea64a1a2e207'],"24/06/2022, 11:50:12",ibmq_ehningen,[1000],linear,10,3,hn,Overlap,False,mlae,5,0.1,0.05,0.01,True,50,['ry'],cz,rx,rzz,ryy,hadamards,True,False,False
71b91414-8ea3-4a78-9711-654b896090df,['62b588d94368cc6619cf038e'],"24/06/2022, 11:50:17",ibmq_ehningen,[1000],linear,10,4,hn,Overlap,False,mlae,5,0.1,0.05,0.01,True,50,['ry'],cz,rx,rzz,ryy,hadamards,True,False,False
5546075d-7b8e-4a14-b240-3bd152941693,['62b588df70abc23b86b1d9ad'],"24/06/2022, 11:50:23",ibmq_ehningen,[1000],linear,10,5,hn,Overlap,False,mlae,5,0.1,0.05,0.01,True,50,['ry'],cz,rx,rzz,ryy,hadamards,True,False,False
c01f3c04-2c91-47ae-84b1-8b1307c67343,['7901c319-f5ab-4bf8-9d57-a8e7ae32dabc'],"24/06/2022, 16:29:56",simulator,[1000],linear,2,1,hn,HTest,False,mlae,5,0.1,0.05,0.01,True,50,['ry'],cz,rx,rzz,ryy,hadamards,True,False,False
7051863a-053c-48b7-ba76-631641bf0542,['88cc280a-6606-4f05-bbf5-db2b9c0e9fff'],"24/06/2022, 16:29:58",simulator,[1000],linear,2,2,hn,HTest,False,mlae,5,0.1,0.05,0.01,True,50,['ry'],cz,rx,rzz,ryy,hadamards,True,False,False
654edc34-c62c-4b01-a668-6bb0a30737e9,['cb4eace7-36f0-4c0b-8d90-59d62ced7c40'],"24/06/2022, 16:30:00",simulator,[1000],linear,4,1,hn,HTest,False,mlae,5,0.1,0.05,0.01,True,50,['ry'],cz,rx,rzz,ryy,hadamards,True,False,False
8aca376e-cad4-4bd1-b1f3-8e591804b205,['5a854cc4-f394-4225-a97f-893f57c79f85'],"24/06/2022, 16:30:03",simulator,[1000],linear,4,2,hn,HTest,False,mlae,5,0.1,0.05,0.01,True,50,['ry'],cz,rx,rzz,ryy,hadamards,True,False,False
1906e8aa-b6a6-4753-9311-ecd890bca700,['c6a8e690-e7e1-48fc-9be0-b75d67169d4e'],"24/06/2022, 16:30:05",simulator,[1000],linear,6,1,hn,HTest,False,mlae,5,0.1,0.05,0.01,True,50,['ry'],cz,rx,rzz,ryy,hadamards,True,False,False
1a526dae-4575-4e16-bffd-6d774ece1e3f,['6cbab333-5ef3-46ae-8e82-c1f3eee49cc2'],"24/06/2022, 16:30:07",simulator,[1000],linear,6,2,hn,HTest,False,mlae,5,0.1,0.05,0.01,True,50,['ry'],cz,rx,rzz,ryy,hadamards,True,False,False
ff5a5e08-42ce-4317-bed4-cfe087adb550,['e4c7e75d-c730-4de3-8dc6-6a9ce7f58374'],"24/06/2022, 16:30:10",simulator,[1000],linear,7,1,hn,HTest,False,mlae,5,0.1,0.05,0.01,True,50,['ry'],cz,rx,rzz,ryy,hadamards,True,False,False
c0ca1ab4-22f6-4630-b83e-a2bc66629c3c,['63c6ee0c-8e58-4a6f-aa73-f2dc19888a51'],"24/06/2022, 16:30:12",simulator,[1000],linear,7,2,hn,HTest,False,mlae,5,0.1,0.05,0.01,True,50,['ry'],cz,rx,rzz,ryy,hadamards,True,False,False
4e0735de-af14-4b3c-8705-25026fb74b12,['e81559a7-8389-46bd-b763-c0d44f303a7f'],"24/06/2022, 16:30:14",simulator,[1000],linear,8,1,hn,HTest,False,mlae,5,0.1,0.05,0.01,True,50,['ry'],cz,rx,rzz,ryy,hadamards,True,False,False
6b1fce9b-74af-4ff8-b80f-aad7f8bf5c18,['ca1dd192-c6e7-484f-8e1c-6f0aa2dcb13d'],"24/06/2022, 16:30:17",simulator,[1000],linear,8,2,hn,HTest,False,mlae,5,0.1,0.05,0.01,True,50,['ry'],cz,rx,rzz,ryy,hadamards,True,False,False
db81636a-b4e9-4934-b93b-3d38b0c1dbdd,['4a4a3d87-a225-49d9-a1ec-6be1b5466297'],"24/06/2022, 16:31:14",simulator,[1000],linear,3,1,hn,HTest,False,mlae,5,0.1,0.05,0.01,True,50,['ry'],cz,rx,rzz,ryy,hadamards,True,False,False
b484235a-af32-415f-a29e-51590337f057,['fcefa6ec-9772-42b7-9fbf-98c1ebef8160'],"24/06/2022, 16:31:16",simulator,[1000],linear,3,2,hn,HTest,False,mlae,5,0.1,0.05,0.01,True,50,['ry'],cz,rx,rzz,ryy,hadamards,True,False,False
8b633ef3-47e0-4b78-8a33-5397a7d6164c,['38ddc9df-b1a9-442b-b258-c1a5e6f98d18'],"24/06/2022, 16:31:18",simulator,[1000],linear,5,1,hn,HTest,False,mlae,5,0.1,0.05,0.01,True,50,['ry'],cz,rx,rzz,ryy,hadamards,True,False,False
c6e757fa-ac17-431e-a5eb-e5440dbd51b7,['0b644467-2ebc-4908-b653-7f1b58f92ca4'],"24/06/2022, 16:31:21",simulator,[1000],linear,5,2,hn,HTest,False,mlae,5,0.1,0.05,0.01,True,50,['ry'],cz,rx,rzz,ryy,hadamards,True,False,False
92919f6d-6246-4dc6-8c6d-d3d1d0485f71,['4301bd60-9fb9-49dc-a1d8-b9466a82130f'],"24/06/2022, 16:31:23",simulator,[1000],linear,10,1,hn,HTest,False,mlae,5,0.1,0.05,0.01,True,50,['ry'],cz,rx,rzz,ryy,hadamards,True,False,False
b062b1c4-eb30-4564-b5dd-8515a4b7919e,['7adb5a3d-301c-4e78-9c90-c029adb621e2'],"24/06/2022, 16:31:26",simulator,[1000],linear,10,2,hn,HTest,False,mlae,5,0.1,0.05,0.01,True,50,['ry'],cz,rx,rzz,ryy,hadamards,True,False,False
914cbe84-d241-453b-8639-bbf2254e951e,['62b5cacd70abc23afab1da2f'],"24/06/2022, 16:31:41",ibmq_ehningen,[1000],linear,3,1,hn,HTest,False,mlae,5,0.1,0.05,0.01,True,50,['ry'],cz,rx,rzz,ryy,hadamards,True,False,False
dc8844aa-7f48-4174-9411-7b84ba0819ef,['3b7ded5a-25db-4239-933e-72b04960824b'],"24/06/2022, 16:33:48",simulator,[1000],linear,3,0,hn,HTest,False,mlae,5,0.1,0.05,0.01,True,50,['ry'],cz,rx,rzz,ryy,hadamards,True,False,False
2cece38a-5963-4a8f-b6de-87465c208333,['1b56ed43-1258-46a8-97e5-d49e305b3f8c'],"24/06/2022, 16:33:51",simulator,[1000],linear,3,1,hn,HTest,False,mlae,5,0.1,0.05,0.01,True,50,['ry'],cz,rx,rzz,ryy,hadamards,True,False,False
f1160d00-ae4f-462c-84ab-59fd7f880c8b,['d8e4f9dc-a314-4792-b898-b3124dc7a545'],"24/06/2022, 16:33:53",simulator,[1000],linear,3,2,hn,HTest,False,mlae,5,0.1,0.05,0.01,True,50,['ry'],cz,rx,rzz,ryy,hadamards,True,False,False
937706c6-e0c2-4aae-831d-04d980eaed77,['8c702636-1437-4c1e-851f-c5af438304fe'],"24/06/2022, 16:33:56",simulator,[1000],linear,3,3,hn,HTest,False,mlae,5,0.1,0.05,0.01,True,50,['ry'],cz,rx,rzz,ryy,hadamards,True,False,False
03a6b6a0-3440-4c5d-96a4-c3594c97a2b8,['99acd5d7-eaf0-460e-9678-e89c7000ef09'],"24/06/2022, 16:33:58",simulator,[1000],linear,3,4,hn,HTest,False,mlae,5,0.1,0.05,0.01,True,50,['ry'],cz,rx,rzz,ryy,hadamards,True,False,False
9120a7e1-a85c-45f6-84f1-145bc5a02205,['008a54d1-97f6-4b19-b850-c4b037b9f617'],"24/06/2022, 16:34:01",simulator,[1000],linear,3,5,hn,HTest,False,mlae,5,0.1,0.05,0.01,True,50,['ry'],cz,rx,rzz,ryy,hadamards,True,False,False
29fc470d-be09-46d4-ac81-b8a0e2b176bc,['a54dffae-337d-48f0-9d2a-d2ca4d9eeabc'],"24/06/2022, 16:34:03",simulator,[1000],linear,5,0,hn,HTest,False,mlae,5,0.1,0.05,0.01,True,50,['ry'],cz,rx,rzz,ryy,hadamards,True,False,False
bfdab3bc-5ef9-40db-9332-2ae2ec983b64,['deb73a9b-8a80-4465-bd8d-e5218b058e0f'],"24/06/2022, 16:34:05",simulator,[1000],linear,5,1,hn,HTest,False,mlae,5,0.1,0.05,0.01,True,50,['ry'],cz,rx,rzz,ryy,hadamards,True,False,False
1fbc75ac-b03b-40e2-affd-3d2b32397b6f,['9a6f9e64-c838-4161-8861-cf687f255c5a'],"24/06/2022, 16:34:08",simulator,[1000],linear,5,2,hn,HTest,False,mlae,5,0.1,0.05,0.01,True,50,['ry'],cz,rx,rzz,ryy,hadamards,True,False,False
fcd61b7e-8924-472a-9f51-6671a124718c,['65ee9832-69c4-4bbe-8a3b-cfc75839aae7'],"24/06/2022, 16:34:10",simulator,[1000],linear,5,3,hn,HTest,False,mlae,5,0.1,0.05,0.01,True,50,['ry'],cz,rx,rzz,ryy,hadamards,True,False,False
eb61acf4-7a28-4aa3-8449-081abad04a3e,['be1dc950-cfad-4d60-ab8c-5df1a6e8d6f9'],"24/06/2022, 16:34:13",simulator,[1000],linear,5,4,hn,HTest,False,mlae,5,0.1,0.05,0.01,True,50,['ry'],cz,rx,rzz,ryy,hadamards,True,False,False
9c1e0b12-6f6c-426c-8142-d3707e265a5e,['38c63608-9bf2-4f7b-9c8c-fbbc0cf1b648'],"24/06/2022, 16:34:16",simulator,[1000],linear,5,5,hn,HTest,False,mlae,5,0.1,0.05,0.01,True,50,['ry'],cz,rx,rzz,ryy,hadamards,True,False,False
daff68d0-6b29-4704-a819-e3e4b6f7a337,['818c3610-6f51-427f-9433-91ebd0681037'],"24/06/2022, 16:34:19",simulator,[1000],linear,10,0,hn,HTest,False,mlae,5,0.1,0.05,0.01,True,50,['ry'],cz,rx,rzz,ryy,hadamards,True,False,False
b19e93d0-5542-48f9-8bb6-baab395dd613,['e7e785c6-443f-4968-aeca-10e1cf57c6fd'],"24/06/2022, 16:34:21",simulator,[1000],linear,10,1,hn,HTest,False,mlae,5,0.1,0.05,0.01,True,50,['ry'],cz,rx,rzz,ryy,hadamards,True,False,False
5c45478e-67a2-4695-aafc-0ce245da3d09,['68251da0-5c7e-4291-8f88-1b2b1b5b2eb4'],"24/06/2022, 16:34:24",simulator,[1000],linear,10,2,hn,HTest,False,mlae,5,0.1,0.05,0.01,True,50,['ry'],cz,rx,rzz,ryy,hadamards,True,False,False
b1e8fc84-d26e-4819-bcca-3b7564bf2092,['2a260831-de87-4842-bb2b-23084df4654b'],"24/06/2022, 16:34:27",simulator,[1000],linear,10,3,hn,HTest,False,mlae,5,0.1,0.05,0.01,True,50,['ry'],cz,rx,rzz,ryy,hadamards,True,False,False
ae738702-c56e-4694-9b61-b22be2bb227c,['64760a88-7210-49a8-a3d5-858887b3893f'],"24/06/2022, 16:34:30",simulator,[1000],linear,10,4,hn,HTest,False,mlae,5,0.1,0.05,0.01,True,50,['ry'],cz,rx,rzz,ryy,hadamards,True,False,False
c7df764f-5426-4256-9621-731f7dba20c3,['9af60ab7-7f64-4688-9617-378f97ee3219'],"24/06/2022, 16:34:34",simulator,[1000],linear,10,5,hn,HTest,False,mlae,5,0.1,0.05,0.01,True,50,['ry'],cz,rx,rzz,ryy,hadamards,True,False,False
e4768f91-0c92-4137-948a-5d6da96920ba,['62b5cb8970abc20d81b1da32'],"24/06/2022, 16:34:49",ibmq_ehningen,[1000],linear,3,0,hn,HTest,False,mlae,5,0.1,0.05,0.01,True,50,['ry'],cz,rx,rzz,ryy,hadamards,True,False,False
1b1d9e9f-3490-4824-ba2a-ea7651fe6527,['62b5cb91237e876b6e1326ed'],"24/06/2022, 16:34:57",ibmq_ehningen,[1000],linear,3,1,hn,HTest,False,mlae,5,0.1,0.05,0.01,True,50,['ry'],cz,rx,rzz,ryy,hadamards,True,False,False
d6e4ee23-d683-4b71-a287-428c463b1161,['62b5cb9c4368ccaa87cf0427'],"24/06/2022, 16:35:08",ibmq_ehningen,[1000],linear,3,2,hn,HTest,False,mlae,5,0.1,0.05,0.01,True,50,['ry'],cz,rx,rzz,ryy,hadamards,True,False,False
f3d33b1d-16b9-459b-a300-e1a41e230579,['62b5cba74368ccbe28cf0429'],"24/06/2022, 16:35:19",ibmq_ehningen,[1000],linear,3,3,hn,HTest,False,mlae,5,0.1,0.05,0.01,True,50,['ry'],cz,rx,rzz,ryy,hadamards,True,False,False
c2c21439-477f-417e-82f7-75a421848053,['62b5cbb44368cc51abcf042b'],"24/06/2022, 16:35:32",ibmq_ehningen,[1000],linear,3,4,hn,HTest,False,mlae,5,0.1,0.05,0.01,True,50,['ry'],cz,rx,rzz,ryy,hadamards,True,False,False
f9d4dc81-0b55-4941-bd2b-cc3b89ce2490,['62b5cbc34368ccb788cf042c'],"24/06/2022, 16:35:47",ibmq_ehningen,[1000],linear,3,5,hn,HTest,False,mlae,5,0.1,0.05,0.01,True,50,['ry'],cz,rx,rzz,ryy,hadamards,True,False,False
de1ea286-2d03-40b0-ba88-cb1a13186f3b,['62b5cbcbf5e8eacb36a2e295'],"24/06/2022, 16:35:55",ibmq_ehningen,[1000],linear,5,0,hn,HTest,False,mlae,5,0.1,0.05,0.01,True,50,['ry'],cz,rx,rzz,ryy,hadamards,True,False,False
46be8e7d-652d-41d4-bbf4-f33796e0dbf5,['62b5cbd5f5e8ea9905a2e296'],"24/06/2022, 16:36:05",ibmq_ehningen,[1000],linear,5,1,hn,HTest,False,mlae,5,0.1,0.05,0.01,True,50,['ry'],cz,rx,rzz,ryy,hadamards,True,False,False
e38cb7c0-5505-40fb-8ddb-9dd550e4762a,['62b5cbe3237e8743eb1326ef'],"24/06/2022, 16:36:19",ibmq_ehningen,[1000],linear,5,2,hn,HTest,False,mlae,5,0.1,0.05,0.01,True,50,['ry'],cz,rx,rzz,ryy,hadamards,True,False,False
6c13ef68-4b14-4266-a06d-1445c8c2bc9c,['62b5cbf4f5e8eae1b7a2e297'],"24/06/2022, 16:36:36",ibmq_ehningen,[1000],linear,5,3,hn,HTest,False,mlae,5,0.1,0.05,0.01,True,50,['ry'],cz,rx,rzz,ryy,hadamards,True,False,False
dbbedd22-bbff-402c-bac6-97aa4dcacf64,['62b5cc084368cc3f55cf042d'],"24/06/2022, 16:36:56",ibmq_ehningen,[1000],linear,5,4,hn,HTest,False,mlae,5,0.1,0.05,0.01,True,50,['ry'],cz,rx,rzz,ryy,hadamards,True,False,False
f7754280-399b-48a0-a3e2-0edac134026e,['62b5cc1e237e8722e71326f2'],"24/06/2022, 16:37:18",ibmq_ehningen,[1000],linear,5,5,hn,HTest,False,mlae,5,0.1,0.05,0.01,True,50,['ry'],cz,rx,rzz,ryy,hadamards,True,False,False
8d845a45-6e55-4de0-bc4c-baad9ced5a5f,['62b5cc284368cc7b1dcf042e'],"24/06/2022, 16:37:28",ibmq_ehningen,[1000],linear,10,0,hn,HTest,False,mlae,5,0.1,0.05,0.01,True,50,['ry'],cz,rx,rzz,ryy,hadamards,True,False,False
47abeb62-22c5-4f31-bd44-48d057c3d0eb,['62b5cc384368ccbf85cf042f'],"24/06/2022, 16:37:43",ibmq_ehningen,[1000],linear,10,1,hn,HTest,False,mlae,5,0.1,0.05,0.01,True,50,['ry'],cz,rx,rzz,ryy,hadamards,True,False,False
6b820174-8be1-476e-9ad1-6e48e337b888,['62b5cc4d4368cc170ecf0430'],"24/06/2022, 16:38:05",ibmq_ehningen,[1000],linear,10,2,hn,HTest,False,mlae,5,0.1,0.05,0.01,True,50,['ry'],cz,rx,rzz,ryy,hadamards,True,False,False
f922c444-1351-4d9e-a5c4-64ac7d301725,['62b5cc6b70abc27e7db1da35'],"24/06/2022, 16:38:35",ibmq_ehningen,[1000],linear,10,3,hn,HTest,False,mlae,5,0.1,0.05,0.01,True,50,['ry'],cz,rx,rzz,ryy,hadamards,True,False,False
75850fe8-6044-46a2-b000-3194bd91e1e7,['62b5cc90237e8770371326f4'],"24/06/2022, 16:39:12",ibmq_ehningen,[1000],linear,10,4,hn,HTest,False,mlae,5,0.1,0.05,0.01,True,50,['ry'],cz,rx,rzz,ryy,hadamards,True,False,False
6b098ba7-fd70-43d8-ac7b-8c8354c5e094,['62b5ccbbf5e8eaae5ba2e298'],"24/06/2022, 16:39:55",ibmq_ehningen,[1000],linear,10,5,hn,HTest,False,mlae,5,0.1,0.05,0.01,True,50,['ry'],cz,rx,rzz,ryy,hadamards,True,False,False
e52fb362-21ae-403e-b085-0a669a3f61c1,['60d2d854-789b-40c4-9256-d94458e3b69e'],"24/06/2022, 16:40:04",simulator,[1000],linear,3,0,hn,Overlap,False,mlae,5,0.1,0.05,0.01,True,50,['ry'],cz,rx,rzz,ryy,hadamards,True,False,False
a082ec77-db29-4a69-a640-59a816d95a9a,['bf86ff22-272b-404a-b97f-4ce9e4a62d78'],"24/06/2022, 16:40:06",simulator,[1000],linear,3,1,hn,Overlap,False,mlae,5,0.1,0.05,0.01,True,50,['ry'],cz,rx,rzz,ryy,hadamards,True,False,False
fb834160-0603-4ba2-84d2-2e7972bdea51,['c1703d7c-fd9b-4ed8-b894-0cbf56ea1d8e'],"24/06/2022, 16:40:08",simulator,[1000],linear,3,2,hn,Overlap,False,mlae,5,0.1,0.05,0.01,True,50,['ry'],cz,rx,rzz,ryy,hadamards,True,False,False
cf16a86b-82d1-4481-82ea-0b22649e2be2,['000e539a-f39a-49f3-bbe6-8b493cc791a9'],"24/06/2022, 16:40:10",simulator,[1000],linear,3,3,hn,Overlap,False,mlae,5,0.1,0.05,0.01,True,50,['ry'],cz,rx,rzz,ryy,hadamards,True,False,False
25694d95-4f91-484a-b1d2-cb418a478806,['ae6b96c8-83c0-4f1d-80c8-2c373f4b0c63'],"24/06/2022, 16:40:12",simulator,[1000],linear,3,4,hn,Overlap,False,mlae,5,0.1,0.05,0.01,True,50,['ry'],cz,rx,rzz,ryy,hadamards,True,False,False
8457a754-ff31-4312-8572-a6f3298b0038,['ce7f7d6e-768d-4df3-9771-d0249bec1f56'],"24/06/2022, 16:40:14",simulator,[1000],linear,3,5,hn,Overlap,False,mlae,5,0.1,0.05,0.01,True,50,['ry'],cz,rx,rzz,ryy,hadamards,True,False,False
9a9e64fa-cb68-49a0-9d1e-5c12264615dd,['427375b5-4074-4d0a-a2a8-62fa0f23ebc8'],"24/06/2022, 16:40:16",simulator,[1000],linear,5,0,hn,Overlap,False,mlae,5,0.1,0.05,0.01,True,50,['ry'],cz,rx,rzz,ryy,hadamards,True,False,False
9f883077-7c7a-4221-8380-a4d13e99fdbe,['ca53803d-fefb-4d7b-aae7-a5ebacebfdb6'],"24/06/2022, 16:40:18",simulator,[1000],linear,5,1,hn,Overlap,False,mlae,5,0.1,0.05,0.01,True,50,['ry'],cz,rx,rzz,ryy,hadamards,True,False,False
4c1b199b-fee4-4046-9113-d9caba3c2c58,['3aedeab8-ead2-4274-92a6-9ac09703ba76'],"24/06/2022, 16:40:20",simulator,[1000],linear,5,2,hn,Overlap,False,mlae,5,0.1,0.05,0.01,True,50,['ry'],cz,rx,rzz,ryy,hadamards,True,False,False
3afdc51d-98bb-4601-ba0d-7746a4316dd8,['56fbe4cc-6ae1-43f4-8a48-94e69f459533'],"24/06/2022, 16:40:22",simulator,[1000],linear,5,3,hn,Overlap,False,mlae,5,0.1,0.05,0.01,True,50,['ry'],cz,rx,rzz,ryy,hadamards,True,False,False
b805c093-00ff-4eb9-b5c7-39b8215d96f8,['1e21903e-54cc-4763-bad7-bd7b8b3a41ee'],"24/06/2022, 16:40:24",simulator,[1000],linear,5,4,hn,Overlap,False,mlae,5,0.1,0.05,0.01,True,50,['ry'],cz,rx,rzz,ryy,hadamards,True,False,False
70823907-1362-4a0d-a411-28e9744e766a,['2ca74b38-2e7b-4ed6-9ae7-a7e8385a1a41'],"24/06/2022, 16:40:26",simulator,[1000],linear,5,5,hn,Overlap,False,mlae,5,0.1,0.05,0.01,True,50,['ry'],cz,rx,rzz,ryy,hadamards,True,False,False
3901c807-6d62-4b2b-8305-56195877ea8c,['24fd9b85-529e-480d-b094-a9676bf7bd24'],"24/06/2022, 16:40:28",simulator,[1000],linear,10,0,hn,Overlap,False,mlae,5,0.1,0.05,0.01,True,50,['ry'],cz,rx,rzz,ryy,hadamards,True,False,False
a0f10b52-b814-447f-893d-abf4c9ee2a60,['97b0dbd9-afc3-4db8-ac51-640e382cd9d8'],"24/06/2022, 16:40:31",simulator,[1000],linear,10,1,hn,Overlap,False,mlae,5,0.1,0.05,0.01,True,50,['ry'],cz,rx,rzz,ryy,hadamards,True,False,False
ee463a13-8ac6-453e-beee-796bc9288b60,['b85f43ea-1bb4-44ad-afec-e82a640f9fe9'],"24/06/2022, 16:40:33",simulator,[1000],linear,10,2,hn,Overlap,False,mlae,5,0.1,0.05,0.01,True,50,['ry'],cz,rx,rzz,ryy,hadamards,True,False,False
49c8d300-eab4-4789-8224-7a80234aa458,['3c00a4fb-ec86-48d0-8e53-aa88e582cf4e'],"24/06/2022, 16:40:35",simulator,[1000],linear,10,3,hn,Overlap,False,mlae,5,0.1,0.05,0.01,True,50,['ry'],cz,rx,rzz,ryy,hadamards,True,False,False
5203e0a0-68d9-45c4-a848-f2a2c6b5b23e,['577526ff-df73-4d39-b8e6-6aaf10a5a5b3'],"24/06/2022, 16:40:38",simulator,[1000],linear,10,4,hn,Overlap,False,mlae,5,0.1,0.05,0.01,True,50,['ry'],cz,rx,rzz,ryy,hadamards,True,False,False
7a754cc8-56d4-4242-83c7-54c2ba4199be,['c73f8be5-d9e4-4f70-a691-9ab6a569b692'],"24/06/2022, 16:40:41",simulator,[1000],linear,10,5,hn,Overlap,False,mlae,5,0.1,0.05,0.01,True,50,['ry'],cz,rx,rzz,ryy,hadamards,True,False,False
1611c2ba-f0e0-4e51-bfa0-48bb0a82c4ac,['62b5ccf770abc24643b1da37'],"24/06/2022, 16:40:55",ibmq_ehningen,[1000],linear,3,0,hn,Overlap,False,mlae,5,0.1,0.05,0.01,True,50,['ry'],cz,rx,rzz,ryy,hadamards,True,False,False
e20c300f-39e7-4f52-bdc8-b2bab164344b,['62b5ccfd4368cc1577cf0432'],"24/06/2022, 16:41:01",ibmq_ehningen,[1000],linear,3,1,hn,Overlap,False,mlae,5,0.1,0.05,0.01,True,50,['ry'],cz,rx,rzz,ryy,hadamards,True,False,False
60383052-7220-4868-a924-8ee7be62f7dd,['62b5cd044368cc74bccf0433'],"24/06/2022, 16:41:08",ibmq_ehningen,[1000],linear,3,2,hn,Overlap,False,mlae,5,0.1,0.05,0.01,True,50,['ry'],cz,rx,rzz,ryy,hadamards,True,False,False
407bc3f2-7479-474c-b648-8330a2f2337d,['62b5cd0af5e8ea5baea2e299'],"24/06/2022, 16:41:14",ibmq_ehningen,[1000],linear,3,3,hn,Overlap,False,mlae,5,0.1,0.05,0.01,True,50,['ry'],cz,rx,rzz,ryy,hadamards,True,False,False
8ef43c75-cf96-4960-9857-22d80a388b89,['62b5cd11f5e8ea8643a2e29a'],"24/06/2022, 16:41:21",ibmq_ehningen,[1000],linear,3,4,hn,Overlap,False,mlae,5,0.1,0.05,0.01,True,50,['ry'],cz,rx,rzz,ryy,hadamards,True,False,False
539aa1bc-762a-44ae-b589-d6d7dad08a61,['62b5cd1870abc236bbb1da38'],"24/06/2022, 16:41:28",ibmq_ehningen,[1000],linear,3,5,hn,Overlap,False,mlae,5,0.1,0.05,0.01,True,50,['ry'],cz,rx,rzz,ryy,hadamards,True,False,False
9d573a5f-b99b-4674-ae33-914c7fdec6b8,['62b5cd1ff5e8ea3139a2e29b'],"24/06/2022, 16:41:35",ibmq_ehningen,[1000],linear,5,0,hn,Overlap,False,mlae,5,0.1,0.05,0.01,True,50,['ry'],cz,rx,rzz,ryy,hadamards,True,False,False
c686a488-c6d2-4501-9627-2a48be384a0f,['62b5cd26f5e8ea50e7a2e29c'],"24/06/2022, 16:41:42",ibmq_ehningen,[1000],linear,5,1,hn,Overlap,False,mlae,5,0.1,0.05,0.01,True,50,['ry'],cz,rx,rzz,ryy,hadamards,True,False,False
2f15016e-7fc4-4d46-93c3-6b762dd8e49e,['62b5cd2df5e8ea2950a2e29d'],"24/06/2022, 16:41:49",ibmq_ehningen,[1000],linear,5,2,hn,Overlap,False,mlae,5,0.1,0.05,0.01,True,50,['ry'],cz,rx,rzz,ryy,hadamards,True,False,False
dd542b5f-2524-4b5b-bacc-d9d6f3f20e2c,['62b5cd3470abc27672b1da39'],"24/06/2022, 16:41:56",ibmq_ehningen,[1000],linear,5,3,hn,Overlap,False,mlae,5,0.1,0.05,0.01,True,50,['ry'],cz,rx,rzz,ryy,hadamards,True,False,False
b06a328c-706b-4793-b27c-2920f3197fbc,['62b5cd3b70abc28c49b1da3a'],"24/06/2022, 16:42:03",ibmq_ehningen,[1000],linear,5,4,hn,Overlap,False,mlae,5,0.1,0.05,0.01,True,50,['ry'],cz,rx,rzz,ryy,hadamards,True,False,False
53a0b216-c635-4eca-a9a7-b1613eb5cce4,['62b5cd4370abc2db19b1da3b'],"24/06/2022, 16:42:11",ibmq_ehningen,[1000],linear,5,5,hn,Overlap,False,mlae,5,0.1,0.05,0.01,True,50,['ry'],cz,rx,rzz,ryy,hadamards,True,False,False
ed74bb58-5180-4a9f-aaff-9c3f9b50c1f4,['62b5cd4a237e8780d41326f5'],"24/06/2022, 16:42:18",ibmq_ehningen,[1000],linear,10,0,hn,Overlap,False,mlae,5,0.1,0.05,0.01,True,50,['ry'],cz,rx,rzz,ryy,hadamards,True,False,False
48192258-5f6b-435f-9397-15758de3b4dd,['62b5cd504368cc49cfcf0435'],"24/06/2022, 16:42:24",ibmq_ehningen,[1000],linear,10,1,hn,Overlap,False,mlae,5,0.1,0.05,0.01,True,50,['ry'],cz,rx,rzz,ryy,hadamards,True,False,False
979e4559-269b-4060-adba-c71e68ce7b56,['62b5cd5870abc23109b1da3c'],"24/06/2022, 16:42:32",ibmq_ehningen,[1000],linear,10,2,hn,Overlap,False,mlae,5,0.1,0.05,0.01,True,50,['ry'],cz,rx,rzz,ryy,hadamards,True,False,False
ae23877d-8b67-4af0-ae9f-c74532de6269,['62b5cd5f70abc2128ab1da3d'],"24/06/2022, 16:42:39",ibmq_ehningen,[1000],linear,10,3,hn,Overlap,False,mlae,5,0.1,0.05,0.01,True,50,['ry'],cz,rx,rzz,ryy,hadamards,True,False,False
62e32eb8-18a1-49c7-b395-cee1bd74e543,['62b5cd6870abc214dcb1da3e'],"24/06/2022, 16:42:48",ibmq_ehningen,[1000],linear,10,4,hn,Overlap,False,mlae,5,0.1,0.05,0.01,True,50,['ry'],cz,rx,rzz,ryy,hadamards,True,False,False
96dc213d-1f8e-4c13-aa52-5cd1473e2119,['62b5cd7170abc2016fb1da3f'],"24/06/2022, 16:42:57",ibmq_ehningen,[1000],linear,10,5,hn,Overlap,False,mlae,5,0.1,0.05,0.01,True,50,['ry'],cz,rx,rzz,ryy,hadamards,True,False,False
f64f6027-8035-4e2d-bcae-074a2af62c89,['b71c6fbc-18c9-4986-8be0-f9d45cf276f6'],"24/06/2022, 16:43:49",simulator,[1000],linear,2,1,hn,HTest,False,mlae,5,0.1,0.05,0.01,True,50,['ry'],cz,rx,rzz,ryy,hadamards,True,False,False
39e52798-53f9-44c3-b108-017f3ca4e04e,['21ccc23d-0769-4bf8-8079-bb06d6fe7ded'],"24/06/2022, 16:43:51",simulator,[1000],linear,2,2,hn,HTest,False,mlae,5,0.1,0.05,0.01,True,50,['ry'],cz,rx,rzz,ryy,hadamards,True,False,False
98ad6842-0149-4222-8516-3f612cd646fd,['347ca743-9cf3-4626-96d5-7f494082cb91'],"24/06/2022, 16:43:53",simulator,[1000],linear,4,1,hn,HTest,False,mlae,5,0.1,0.05,0.01,True,50,['ry'],cz,rx,rzz,ryy,hadamards,True,False,False
ee33c0e7-bbe6-49a5-854b-c21293ff8ad4,['d2bb078a-fa0c-4f17-80a6-427814f4baf6'],"24/06/2022, 16:43:56",simulator,[1000],linear,4,2,hn,HTest,False,mlae,5,0.1,0.05,0.01,True,50,['ry'],cz,rx,rzz,ryy,hadamards,True,False,False
20b7d1c0-3b0d-48c8-b8e1-4313bf8e0e01,['8a2ef483-7853-490a-b776-13f833b83dfc'],"24/06/2022, 16:43:58",simulator,[1000],linear,6,1,hn,HTest,False,mlae,5,0.1,0.05,0.01,True,50,['ry'],cz,rx,rzz,ryy,hadamards,True,False,False
10a67ddb-2f72-47f4-a46c-f0249728aa7d,['35b2d068-7c0f-4a10-bc8d-9e0bbfefcfd6'],"24/06/2022, 16:44:00",simulator,[1000],linear,6,2,hn,HTest,False,mlae,5,0.1,0.05,0.01,True,50,['ry'],cz,rx,rzz,ryy,hadamards,True,False,False
f5b3238d-64f2-42aa-b37c-aa6e32daf63d,['50b5021d-afe7-4c71-a61d-26523a9f0334'],"24/06/2022, 16:44:03",simulator,[1000],linear,7,1,hn,HTest,False,mlae,5,0.1,0.05,0.01,True,50,['ry'],cz,rx,rzz,ryy,hadamards,True,False,False
82cf8448-41f1-4601-a115-faf47431bf94,['a07988a2-c316-44ff-9378-51cf1b931b2d'],"24/06/2022, 16:44:05",simulator,[1000],linear,7,2,hn,HTest,False,mlae,5,0.1,0.05,0.01,True,50,['ry'],cz,rx,rzz,ryy,hadamards,True,False,False
b7a88db1-7ab6-4f5e-a91a-e206dd828918,['d26f3419-8225-4ec0-b6f3-84b6898784ee'],"24/06/2022, 16:44:07",simulator,[1000],linear,8,1,hn,HTest,False,mlae,5,0.1,0.05,0.01,True,50,['ry'],cz,rx,rzz,ryy,hadamards,True,False,False
4fd361d5-4976-4e0b-b560-99e7ecd3b198,['d5d168d5-aecc-4ba2-8ba1-0b8426155752'],"24/06/2022, 16:44:10",simulator,[1000],linear,8,2,hn,HTest,False,mlae,5,0.1,0.05,0.01,True,50,['ry'],cz,rx,rzz,ryy,hadamards,True,False,False
aab6d6ac-8909-4ba4-8200-c175ad8e9d5c,['66d5229c-b051-4c82-b893-829d30fc183f'],"24/06/2022, 16:44:12",simulator,[1000],linear,9,1,hn,HTest,False,mlae,5,0.1,0.05,0.01,True,50,['ry'],cz,rx,rzz,ryy,hadamards,True,False,False
b6223837-e930-4b84-933d-71d99ab44f2c,['8f1eb2e6-2b47-426c-9f53-058d82d86a51'],"24/06/2022, 16:44:15",simulator,[1000],linear,9,2,hn,HTest,False,mlae,5,0.1,0.05,0.01,True,50,['ry'],cz,rx,rzz,ryy,hadamards,True,False,False
466659ec-2fe5-4eec-9456-5390a0962870,['62b5cdce70abc2f174b1da40'],"24/06/2022, 16:44:30",ibmq_ehningen,[1000],linear,2,1,hn,HTest,False,mlae,5,0.1,0.05,0.01,True,50,['ry'],cz,rx,rzz,ryy,hadamards,True,False,False
d7bb900a-9612-43c0-ae95-5a89850627ff,['62b5cdd670abc27973b1da41'],"24/06/2022, 16:44:38",ibmq_ehningen,[1000],linear,2,2,hn,HTest,False,mlae,5,0.1,0.05,0.01,True,50,['ry'],cz,rx,rzz,ryy,hadamards,True,False,False
213f25de-b249-4372-8475-2f48a9a4e3e1,['62b5cde070abc2c9e1b1da42'],"24/06/2022, 16:44:48",ibmq_ehningen,[1000],linear,4,1,hn,HTest,False,mlae,5,0.1,0.05,0.01,True,50,['ry'],cz,rx,rzz,ryy,hadamards,True,False,False
77ee0125-ed99-46ed-9080-6e8a53f85578,['62b5cdecf5e8eab7afa2e2a0'],"24/06/2022, 16:45:00",ibmq_ehningen,[1000],linear,4,2,hn,HTest,False,mlae,5,0.1,0.05,0.01,True,50,['ry'],cz,rx,rzz,ryy,hadamards,True,False,False
6cfb28ca-e6c0-4f28-b459-1baef0f3e8c4,['62b5cdf9237e87dd001326f6'],"24/06/2022, 16:45:12",ibmq_ehningen,[1000],linear,6,1,hn,HTest,False,mlae,5,0.1,0.05,0.01,True,50,['ry'],cz,rx,rzz,ryy,hadamards,True,False,False
6ff15c1f-7bbf-4c3b-86c5-cc941b75dbf5,['62b5ce0870abc23e15b1da43'],"24/06/2022, 16:45:28",ibmq_ehningen,[1000],linear,6,2,hn,HTest,False,mlae,5,0.1,0.05,0.01,True,50,['ry'],cz,rx,rzz,ryy,hadamards,True,False,False
2f29af7e-9318-4ef2-9618-19ae1b864ade,['62b5ce1570abc29202b1da44'],"24/06/2022, 16:45:41",ibmq_ehningen,[1000],linear,7,1,hn,HTest,False,mlae,5,0.1,0.05,0.01,True,50,['ry'],cz,rx,rzz,ryy,hadamards,True,False,False
a20bbc02-c90c-4516-929b-3c5ac37c2d2c,['62b5ce26f5e8ea314ca2e2a1'],"24/06/2022, 16:45:58",ibmq_ehningen,[1000],linear,7,2,hn,HTest,False,mlae,5,0.1,0.05,0.01,True,50,['ry'],cz,rx,rzz,ryy,hadamards,True,False,False
25032110-daa0-4c42-a7e8-3ccde74fcc71,['62b5ce35f5e8ea68dca2e2a2'],"24/06/2022, 16:46:13",ibmq_ehningen,[1000],linear,8,1,hn,HTest,False,mlae,5,0.1,0.05,0.01,True,50,['ry'],cz,rx,rzz,ryy,hadamards,True,False,False
7aadb46b-7a83-406f-a3a4-800e1ea8b13e,['62b5ce484368ccef52cf0437'],"24/06/2022, 16:46:32",ibmq_ehningen,[1000],linear,8,2,hn,HTest,False,mlae,5,0.1,0.05,0.01,True,50,['ry'],cz,rx,rzz,ryy,hadamards,True,False,False
83f25f13-e75d-459c-abcb-fa0dd05472ac,['62b5ce57237e872a331326f7'],"24/06/2022, 16:46:47",ibmq_ehningen,[1000],linear,9,1,hn,HTest,False,mlae,5,0.1,0.05,0.01,True,50,['ry'],cz,rx,rzz,ryy,hadamards,True,False,False
9375f056-2872-4027-bb39-dfbaa2eef7d1,['62b5ce6c237e873d001326f9'],"24/06/2022, 16:47:08",ibmq_ehningen,[1000],linear,9,2,hn,HTest,False,mlae,5,0.1,0.05,0.01,True,50,['ry'],cz,rx,rzz,ryy,hadamards,True,False,False
384b835d-f4b1-4d4e-af2c-94aad67bc85c,['fd7c62a9-1401-442e-b09e-e6ed10f9fd50'],"24/06/2022, 16:47:24",simulator,[1000],linear,2,1,hn,Overlap,False,mlae,5,0.1,0.05,0.01,True,50,['ry'],cz,rx,rzz,ryy,hadamards,True,False,False
de67f3ac-eae4-488b-afb5-af786ce0b817,['9c3c41d2-72d7-44c7-b516-48d18406772e'],"24/06/2022, 16:47:26",simulator,[1000],linear,2,2,hn,Overlap,False,mlae,5,0.1,0.05,0.01,True,50,['ry'],cz,rx,rzz,ryy,hadamards,True,False,False
7e94a80e-3ead-4784-b672-4d5864e1e8df,['07340b37-c454-4dab-a24d-cba8b27c8ebd'],"24/06/2022, 16:47:28",simulator,[1000],linear,4,1,hn,Overlap,False,mlae,5,0.1,0.05,0.01,True,50,['ry'],cz,rx,rzz,ryy,hadamards,True,False,False
730c04a2-1c57-418c-9bec-1c29e171023c,['dd3e48cb-5065-4315-8e0d-59529df0b8dd'],"24/06/2022, 16:47:31",simulator,[1000],linear,4,2,hn,Overlap,False,mlae,5,0.1,0.05,0.01,True,50,['ry'],cz,rx,rzz,ryy,hadamards,True,False,False
0dfb2f3d-8400-4b46-b87c-20fdceb59f8c,['ead4a72d-fafe-405f-9a58-b61a146f2a94'],"24/06/2022, 16:47:33",simulator,[1000],linear,6,1,hn,Overlap,False,mlae,5,0.1,0.05,0.01,True,50,['ry'],cz,rx,rzz,ryy,hadamards,True,False,False
d3519dd3-c813-4b47-a5a5-fe01c59bd014,['55dd8e4a-480d-4b2c-9d65-3ef964f13456'],"24/06/2022, 16:47:35",simulator,[1000],linear,6,2,hn,Overlap,False,mlae,5,0.1,0.05,0.01,True,50,['ry'],cz,rx,rzz,ryy,hadamards,True,False,False
df096f2b-6e23-4958-82ca-0f2239e2ec60,['e6290f41-03f5-40ac-8ae2-59a4130fda76'],"24/06/2022, 16:47:37",simulator,[1000],linear,7,1,hn,Overlap,False,mlae,5,0.1,0.05,0.01,True,50,['ry'],cz,rx,rzz,ryy,hadamards,True,False,False
3069f603-b67f-4d19-9ba6-d779e70cf08c,['24d35012-b284-4bf7-a1cc-08d570dc4990'],"24/06/2022, 16:47:39",simulator,[1000],linear,7,2,hn,Overlap,False,mlae,5,0.1,0.05,0.01,True,50,['ry'],cz,rx,rzz,ryy,hadamards,True,False,False
6ee1132a-2d48-4ece-b7e3-56e8190ea397,['6c4dea00-608c-4185-bf9b-11ad3e27026c'],"24/06/2022, 16:47:41",simulator,[1000],linear,8,1,hn,Overlap,False,mlae,5,0.1,0.05,0.01,True,50,['ry'],cz,rx,rzz,ryy,hadamards,True,False,False
8d36e45d-3090-4963-b5f7-528cab9b12f7,['c508c14e-bd91-4e8d-b08a-00c9c0b6cd83'],"24/06/2022, 16:47:44",simulator,[1000],linear,8,2,hn,Overlap,False,mlae,5,0.1,0.05,0.01,True,50,['ry'],cz,rx,rzz,ryy,hadamards,True,False,False
4d0b2582-4dad-4096-985a-0ad27c04396d,['b908dc2d-fe36-49aa-8abe-086adda3fc0d'],"24/06/2022, 16:47:46",simulator,[1000],linear,9,1,hn,Overlap,False,mlae,5,0.1,0.05,0.01,True,50,['ry'],cz,rx,rzz,ryy,hadamards,True,False,False
aec0e64c-d93c-47b7-b70d-ce254b6c1427,['d8ad3c7f-0f94-4e19-acde-f907d50bbc68'],"24/06/2022, 16:47:48",simulator,[1000],linear,9,2,hn,Overlap,False,mlae,5,0.1,0.05,0.01,True,50,['ry'],cz,rx,rzz,ryy,hadamards,True,False,False
8f921736-641a-479c-875b-58e506a83806,['62b5cea24368cc5698cf0438'],"24/06/2022, 16:48:02",ibmq_ehningen,[1000],linear,2,1,hn,Overlap,False,mlae,5,0.1,0.05,0.01,True,50,['ry'],cz,rx,rzz,ryy,hadamards,True,False,False
6048bba2-38b5-43f5-92dd-32d785cc55ea,['62b5cea9f5e8eac71ca2e2a3'],"24/06/2022, 16:48:09",ibmq_ehningen,[1000],linear,2,2,hn,Overlap,False,mlae,5,0.1,0.05,0.01,True,50,['ry'],cz,rx,rzz,ryy,hadamards,True,False,False
d4906dd3-6ac4-42cf-aa9e-47830274fd3a,['62b5ceb0f5e8ea7ab7a2e2a4'],"24/06/2022, 16:48:16",ibmq_ehningen,[1000],linear,4,1,hn,Overlap,False,mlae,5,0.1,0.05,0.01,True,50,['ry'],cz,rx,rzz,ryy,hadamards,True,False,False
642c6646-d420-493e-a277-4dd5586b2bbc,['62b5ceb7f5e8ea2fb8a2e2a5'],"24/06/2022, 16:48:23",ibmq_ehningen,[1000],linear,4,2,hn,Overlap,False,mlae,5,0.1,0.05,0.01,True,50,['ry'],cz,rx,rzz,ryy,hadamards,True,False,False
989a9c9b-f7de-4710-ad1d-8a3b637b5897,['62b5cebef5e8ea266da2e2a6'],"24/06/2022, 16:48:30",ibmq_ehningen,[1000],linear,6,1,hn,Overlap,False,mlae,5,0.1,0.05,0.01,True,50,['ry'],cz,rx,rzz,ryy,hadamards,True,False,False
cabc957f-f0a3-4ca6-b3b7-ffe90cbc7194,['62b5cec5237e876d501326fa'],"24/06/2022, 16:48:37",ibmq_ehningen,[1000],linear,6,2,hn,Overlap,False,mlae,5,0.1,0.05,0.01,True,50,['ry'],cz,rx,rzz,ryy,hadamards,True,False,False
97ec2f92-be58-4c4f-a9ad-3f873ee4353e,['62b5cecd237e87395e1326fb'],"24/06/2022, 16:48:45",ibmq_ehningen,[1000],linear,7,1,hn,Overlap,False,mlae,5,0.1,0.05,0.01,True,50,['ry'],cz,rx,rzz,ryy,hadamards,True,False,False
b3c4e6ab-5968-4151-9d3b-3cf4c18a2999,['62b5ced4f5e8ea8b8ea2e2a7'],"24/06/2022, 16:48:52",ibmq_ehningen,[1000],linear,7,2,hn,Overlap,False,mlae,5,0.1,0.05,0.01,True,50,['ry'],cz,rx,rzz,ryy,hadamards,True,False,False
ba41160f-1276-467e-bde6-f657e3384688,['62b5cedc70abc2718fb1da45'],"24/06/2022, 16:49:00",ibmq_ehningen,[1000],linear,8,1,hn,Overlap,False,mlae,5,0.1,0.05,0.01,True,50,['ry'],cz,rx,rzz,ryy,hadamards,True,False,False
5263facc-0944-4947-b0b0-6ae1fd2d4aa1,['62b5cee3f5e8ead51fa2e2a8'],"24/06/2022, 16:49:07",ibmq_ehningen,[1000],linear,8,2,hn,Overlap,False,mlae,5,0.1,0.05,0.01,True,50,['ry'],cz,rx,rzz,ryy,hadamards,True,False,False
2ffe3a9d-6f75-4ae6-8cf0-73ea23834bac,['62b5ceeb237e8708021326fc'],"24/06/2022, 16:49:15",ibmq_ehningen,[1000],linear,9,1,hn,Overlap,False,mlae,5,0.1,0.05,0.01,True,50,['ry'],cz,rx,rzz,ryy,hadamards,True,False,False
34afcd0d-8f66-430c-b867-fd2577833350,['62b5cef2f5e8ea0fffa2e2a9'],"24/06/2022, 16:49:22",ibmq_ehningen,[1000],linear,9,2,hn,Overlap,False,mlae,5,0.1,0.05,0.01,True,50,['ry'],cz,rx,rzz,ryy,hadamards,True,False,False
47d689e8-af0c-4acd-87a0-ba047ee91b9b,['9a26def4-a4a5-4ca3-8fe9-ea98a813ce23'],"24/06/2022, 16:49:41",simulator,[10],linear,5,3,hn,Overlap,False,mlae,5,0.1,0.05,0.01,True,50,['ry'],cz,rx,rzz,ryy,hadamards,True,False,False
88625343-761a-4155-b3c5-65ff14cb5aca,['62b5cf144368cc0030cf043a'],"24/06/2022, 16:49:56",ibmq_ehningen,[10],linear,5,3,hn,Overlap,False,mlae,5,0.1,0.05,0.01,True,50,['ry'],cz,rx,rzz,ryy,hadamards,True,False,False
879b98fb-2123-4070-bec8-b4f685232c6e,['22579e40-c420-47df-831c-35c10fe521f3'],"24/06/2022, 16:49:52",simulator,[100],linear,5,3,hn,Overlap,False,mlae,5,0.1,0.05,0.01,True,50,['ry'],cz,rx,rzz,ryy,hadamards,True,False,False
fc420119-5824-44d6-8c27-3d2eed7f2cac,['62b5cf1f4368ccbe1ccf043b'],"24/06/2022, 16:50:07",ibmq_ehningen,[100],linear,5,3,hn,Overlap,False,mlae,5,0.1,0.05,0.01,True,50,['ry'],cz,rx,rzz,ryy,hadamards,True,False,False
2c2d2e89-2ac8-4eb0-9361-92560d38f434,['b199d755-d3b1-4ce9-85b0-68b84a5cca71'],"24/06/2022, 16:50:06",simulator,[10000],linear,5,3,hn,Overlap,False,mlae,5,0.1,0.05,0.01,True,50,['ry'],cz,rx,rzz,ryy,hadamards,True,False,False
c13354be-31a1-4145-9d57-3206606c4739,['62b5cf2c237e87167f1326fd'],"24/06/2022, 16:50:20",ibmq_ehningen,[10000],linear,5,3,hn,Overlap,False,mlae,5,0.1,0.05,0.01,True,50,['ry'],cz,rx,rzz,ryy,hadamards,True,False,False
83ffde16-6108-4d9b-93af-ab43e6b380bb,['23f277e6-cbe2-4664-9c5d-20e88ed3e237'],"24/06/2022, 16:50:32",simulator,[100000],linear,5,3,hn,Overlap,False,mlae,5,0.1,0.05,0.01,True,50,['ry'],cz,rx,rzz,ryy,hadamards,True,False,False
90e19d5e-40de-4729-8a16-82daa5850191,['62b5cf47237e87a62a1326fe'],"24/06/2022, 16:50:47",ibmq_ehningen,[100000],linear,5,3,hn,Overlap,False,mlae,5,0.1,0.05,0.01,True,50,['ry'],cz,rx,rzz,ryy,hadamards,True,False,False
66ff4307-4e3d-4036-8583-a7e1a486115c,['6da2456c-6f6c-442b-ad00-36d74e16f708'],"24/06/2022, 16:50:55",simulator,[100000],linear,5,3,hn,HTest,False,mlae,5,0.1,0.05,0.01,True,50,['ry'],cz,rx,rzz,ryy,hadamards,True,False,False
ec0570c8-e987-481f-ae87-f0f7e717be56,['62b5cf66237e875f1e132700'],"24/06/2022, 16:51:18",ibmq_ehningen,[100000],linear,5,3,hn,HTest,False,mlae,5,0.1,0.05,0.01,True,50,['ry'],cz,rx,rzz,ryy,hadamards,True,False,False
51952c9c-b6db-4246-8f8c-29a90d7ecb4f,['3e63ddd6-8008-45ad-9ac6-248353ba45cc'],"24/06/2022, 16:51:22",simulator,[10000],linear,5,3,hn,HTest,False,mlae,5,0.1,0.05,0.01,True,50,['ry'],cz,rx,rzz,ryy,hadamards,True,False,False
8c77df9e-a6c5-4570-8929-bcdde21a97be,['62b5cf81237e87077c132701'],"24/06/2022, 16:51:45",ibmq_ehningen,[10000],linear,5,3,hn,HTest,False,mlae,5,0.1,0.05,0.01,True,50,['ry'],cz,rx,rzz,ryy,hadamards,True,False,False
3bf7d9d3-6824-4eb4-a5e8-c0bd1766ed8c,['763e42a9-2ce5-4d30-b620-cbccfd5927f4'],"24/06/2022, 16:51:43",simulator,[100],linear,5,3,hn,HTest,False,mlae,5,0.1,0.05,0.01,True,50,['ry'],cz,rx,rzz,ryy,hadamards,True,False,False
bd2b901a-b4b6-4f9f-bde4-92be9fd43213,['62b5cf96237e874ae6132702'],"24/06/2022, 16:52:06",ibmq_ehningen,[100],linear,5,3,hn,HTest,False,mlae,5,0.1,0.05,0.01,True,50,['ry'],cz,rx,rzz,ryy,hadamards,True,False,False
44fc9ab4-eaf8-46a7-abfd-a8bbc67b32e6,['3355467b-8d32-4586-bc3c-937bbe2b8923'],"24/06/2022, 16:52:10",simulator,[10],linear,5,3,hn,HTest,False,mlae,5,0.1,0.05,0.01,True,50,['ry'],cz,rx,rzz,ryy,hadamards,True,False,False
37d18d81-7259-4f6e-83aa-68bc84bcd216,['62b5cfb1237e877df9132703'],"24/06/2022, 16:52:33",ibmq_ehningen,[10],linear,5,3,hn,HTest,False,mlae,5,0.1,0.05,0.01,True,50,['ry'],cz,rx,rzz,ryy,hadamards,True,False,False
7ea7eaa5-6bf9-4bc3-a404-a6bdadbc25b3,['62b61de470abc242e8b1da7d'],"24/06/2022, 22:26:12",ibmq_ehningen,[1000],linear,5,0,hn,HTest,False,mlae,5,0.1,0.05,0.01,True,50,['ry'],cz,rx,rzz,ryy,hadamards,True,True,False
3e834f86-f9b7-4364-87dd-f2b26c3b609e,['62b61dee237e8792bc132749'],"24/06/2022, 22:26:22",ibmq_ehningen,[1000],linear,5,1,hn,HTest,False,mlae,5,0.1,0.05,0.01,True,50,['ry'],cz,rx,rzz,ryy,hadamards,True,True,False
3275540e-d2b1-48cc-af24-def15f7a8df3,['62b61dfc4368cc7847cf0480'],"24/06/2022, 22:26:36",ibmq_ehningen,[1000],linear,5,2,hn,HTest,False,mlae,5,0.1,0.05,0.01,True,50,['ry'],cz,rx,rzz,ryy,hadamards,True,True,False
e3b07ddf-7a0d-4870-bc25-4f7c3228a109,['62b61e0c237e87445813274a'],"24/06/2022, 22:26:52",ibmq_ehningen,[1000],linear,5,3,hn,HTest,False,mlae,5,0.1,0.05,0.01,True,50,['ry'],cz,rx,rzz,ryy,hadamards,True,True,False
3b5ebd40-aba9-4970-8e55-5ab920f76d31,['62b61e204368cc1c5ecf0481'],"24/06/2022, 22:27:12",ibmq_ehningen,[1000],linear,5,4,hn,HTest,False,mlae,5,0.1,0.05,0.01,True,50,['ry'],cz,rx,rzz,ryy,hadamards,True,True,False
7ad591c6-2004-4049-9253-ba622ab7b471,['62b61e35237e87712313274c'],"24/06/2022, 22:27:33",ibmq_ehningen,[1000],linear,5,5,hn,HTest,False,mlae,5,0.1,0.05,0.01,True,50,['ry'],cz,rx,rzz,ryy,hadamards,True,True,False
ade6db44-3ff6-4269-b0fd-bbcd57bd89c2,['62b620c3237e87776a132751'],"24/06/2022, 22:38:27",ibmq_ehningen,[1000],linear,5,0,hn,HTest,False,mlae,5,0.1,0.05,0.01,True,50,['ry'],cz,rx,rzz,ryy,hadamards,True,True,True
9441605f-b2b2-4251-8511-09486133e69e,['62b620ce70abc2c92fb1da84'],"24/06/2022, 22:38:38",ibmq_ehningen,[1000],linear,5,1,hn,HTest,False,mlae,5,0.1,0.05,0.01,True,50,['ry'],cz,rx,rzz,ryy,hadamards,True,True,True
b8d907fe-3ce3-445f-a62d-8ca6a5c28a7f,['62b620dc70abc28060b1da85'],"24/06/2022, 22:38:52",ibmq_ehningen,[1000],linear,5,2,hn,HTest,False,mlae,5,0.1,0.05,0.01,True,50,['ry'],cz,rx,rzz,ryy,hadamards,True,True,True
a937b201-14c2-44a0-9c2f-b41eba4fc67f,['62b620edf5e8eafa33a2e2eb'],"24/06/2022, 22:39:09",ibmq_ehningen,[1000],linear,5,3,hn,HTest,False,mlae,5,0.1,0.05,0.01,True,50,['ry'],cz,rx,rzz,ryy,hadamards,True,True,True
1609c2c8-821f-4d58-8109-8b917c19243b,['62b6210170abc2c1c4b1da87'],"24/06/2022, 22:39:29",ibmq_ehningen,[1000],linear,5,4,hn,HTest,False,mlae,5,0.1,0.05,0.01,True,50,['ry'],cz,rx,rzz,ryy,hadamards,True,True,True
d4c603be-32c3-46cc-bc41-9e1a0330e819,['62b62118237e8760b9132753'],"24/06/2022, 22:39:51",ibmq_ehningen,[1000],linear,5,5,hn,HTest,False,mlae,5,0.1,0.05,0.01,True,50,['ry'],cz,rx,rzz,ryy,hadamards,True,True,True
3ccd6914-da70-4bb6-9af6-01f77043b350,['62b70c26237e8709d5132966'],"25/06/2022, 15:22:46",ibmq_ehningen,[1000],linear,5,0,hn,Overlap,False,mlae,5,0.1,0.05,0.01,True,50,['ry'],cz,rx,rzz,ryy,hadamards,True,False,False
f3cd1cbf-1464-46b0-880f-8042d3637fe8,['62b70c2df5e8ea2cdda2e4e5'],"25/06/2022, 15:22:53",ibmq_ehningen,[1000],linear,5,1,hn,Overlap,False,mlae,5,0.1,0.05,0.01,True,50,['ry'],cz,rx,rzz,ryy,hadamards,True,False,False
bf56880b-fb3c-4456-9c35-9d3c062ccf0f,['62b70c3470abc28408b1dc2b'],"25/06/2022, 15:23:00",ibmq_ehningen,[1000],linear,5,2,hn,Overlap,False,mlae,5,0.1,0.05,0.01,True,50,['ry'],cz,rx,rzz,ryy,hadamards,True,False,False
6a71ea12-dc5b-4ab9-9412-6bc05bd9d930,['62b70c3cf5e8ea4639a2e4e6'],"25/06/2022, 15:23:08",ibmq_ehningen,[1000],linear,5,3,hn,Overlap,False,mlae,5,0.1,0.05,0.01,True,50,['ry'],cz,rx,rzz,ryy,hadamards,True,False,False
14933387-bf41-49d7-917e-85b8e84bb7a7,['62b70c43f5e8ea78d6a2e4e7'],"25/06/2022, 15:23:15",ibmq_ehningen,[1000],linear,5,4,hn,Overlap,False,mlae,5,0.1,0.05,0.01,True,50,['ry'],cz,rx,rzz,ryy,hadamards,True,False,False
4967e50c-a19e-48ee-a41b-eb5c6bbfaf13,['62b70c4a4368ccf67ccf0634'],"25/06/2022, 15:23:22",ibmq_ehningen,[1000],linear,5,5,hn,Overlap,False,mlae,5,0.1,0.05,0.01,True,50,['ry'],cz,rx,rzz,ryy,hadamards,True,False,False
8ce2fa38-6425-42a5-9119-6e023f00066e,['62b70c57237e87bee7132968'],"25/06/2022, 15:23:35",ibmq_ehningen,[1000],linear,5,0,hn,Overlap,False,mlae,5,0.1,0.05,0.01,True,50,['ry'],cz,rx,rzz,ryy,hadamards,True,True,False
2e726990-435d-4f42-963f-b4df37c42159,['62b70c5d237e87487a132969'],"25/06/2022, 15:23:41",ibmq_ehningen,[1000],linear,5,1,hn,Overlap,False,mlae,5,0.1,0.05,0.01,True,50,['ry'],cz,rx,rzz,ryy,hadamards,True,True,False
93882ce2-3711-44b8-af8b-49d8e67105fb,['62b70c64f5e8eaca00a2e4e8'],"25/06/2022, 15:23:48",ibmq_ehningen,[1000],linear,5,2,hn,Overlap,False,mlae,5,0.1,0.05,0.01,True,50,['ry'],cz,rx,rzz,ryy,hadamards,True,True,False
62216386-dc11-4685-808c-f29bad99a8f5,['62b70c6b237e871a1413296a'],"25/06/2022, 15:23:55",ibmq_ehningen,[1000],linear,5,3,hn,Overlap,False,mlae,5,0.1,0.05,0.01,True,50,['ry'],cz,rx,rzz,ryy,hadamards,True,True,False
0c738620-6089-4bb0-84ef-af2fabdee4d3,['62b70c72f5e8ea827ea2e4e9'],"25/06/2022, 15:24:02",ibmq_ehningen,[1000],linear,5,4,hn,Overlap,False,mlae,5,0.1,0.05,0.01,True,50,['ry'],cz,rx,rzz,ryy,hadamards,True,True,False
95754963-7136-4eb5-b268-49ab74ebf471,['62b70c7970abc23919b1dc2c'],"25/06/2022, 15:24:09",ibmq_ehningen,[1000],linear,5,5,hn,Overlap,False,mlae,5,0.1,0.05,0.01,True,50,['ry'],cz,rx,rzz,ryy,hadamards,True,True,False
a32eed63-c330-479d-bbbd-38caf44a4976,['62b70c854368cc8b69cf0635'],"25/06/2022, 15:24:21",ibmq_ehningen,[1000],linear,5,0,hn,Overlap,False,mlae,5,0.1,0.05,0.01,True,50,['ry'],cz,rx,rzz,ryy,hadamards,True,True,True
e788e007-c9a3-4b70-997b-b71bbd9b627c,['62b70c8bf5e8eac773a2e4ea'],"25/06/2022, 15:24:27",ibmq_ehningen,[1000],linear,5,1,hn,Overlap,False,mlae,5,0.1,0.05,0.01,True,50,['ry'],cz,rx,rzz,ryy,hadamards,True,True,True
39af2b7b-a3b2-4476-8d9b-92cd7b375bde,['62b70c92237e8779f713296b'],"25/06/2022, 15:24:34",ibmq_ehningen,[1000],linear,5,2,hn,Overlap,False,mlae,5,0.1,0.05,0.01,True,50,['ry'],cz,rx,rzz,ryy,hadamards,True,True,True
709101de-8c67-4e41-9b8b-b4a1e88612bc,['62b70c9970abc21071b1dc2d'],"25/06/2022, 15:24:41",ibmq_ehningen,[1000],linear,5,3,hn,Overlap,False,mlae,5,0.1,0.05,0.01,True,50,['ry'],cz,rx,rzz,ryy,hadamards,True,True,True
f2befcc3-2e8b-4530-9377-0fcc9410a508,['62b70ca0f5e8eaf9d7a2e4eb'],"25/06/2022, 15:24:48",ibmq_ehningen,[1000],linear,5,4,hn,Overlap,False,mlae,5,0.1,0.05,0.01,True,50,['ry'],cz,rx,rzz,ryy,hadamards,True,True,True
60025139-6ce0-4cec-85ab-3cc4f6fca97d,['62b70ca7f5e8ea5837a2e4ec'],"25/06/2022, 15:24:55",ibmq_ehningen,[1000],linear,5,5,hn,Overlap,False,mlae,5,0.1,0.05,0.01,True,50,['ry'],cz,rx,rzz,ryy,hadamards,True,True,True
9a283f8e-4b00-45ca-8b4e-41903113a6f2,['62b710734368cc5ea5cf063c'],"25/06/2022, 15:41:07",ibmq_ehningen,[1000],linear,5,0,hn,HTest,True,mlae,3,0.1,0.05,0.01,True,50,['ry'],cz,rx,rzz,ryy,hadamards,True,False,False
39f6f929-ff83-442d-942f-b1bbec1b93d7,['62b710b4237e87b73913297a'],"25/06/2022, 15:42:12",ibmq_ehningen,[1000],linear,5,1,hn,HTest,True,mlae,3,0.1,0.05,0.01,True,50,['ry'],cz,rx,rzz,ryy,hadamards,True,False,False
4b04e1a1-723c-4a96-81d0-bfac68cb4802,['62b7110af5e8ea62faa2e4f2'],"25/06/2022, 15:43:37",ibmq_ehningen,[1000],linear,5,2,hn,HTest,True,mlae,3,0.1,0.05,0.01,True,50,['ry'],cz,rx,rzz,ryy,hadamards,True,False,False
3a5a6553-40d6-4394-b963-2a85f439a5ad,['62b7117cf5e8ea985ea2e4f3'],"25/06/2022, 15:45:32",ibmq_ehningen,[1000],linear,5,3,hn,HTest,True,mlae,3,0.1,0.05,0.01,True,50,['ry'],cz,rx,rzz,ryy,hadamards,True,False,False
eb11086d-45f5-4eed-adb2-ebaecff9767b,['62b712084368ccf922cf063d'],"25/06/2022, 15:47:52",ibmq_ehningen,[1000],linear,5,4,hn,HTest,True,mlae,3,0.1,0.05,0.01,True,50,['ry'],cz,rx,rzz,ryy,hadamards,True,False,False
2bcdc374-e9c9-4635-9a35-04b06821e302,['62b712884368cc4febcf063f'],"25/06/2022, 15:50:00",ibmq_ehningen,[1000],linear,5,0,hn,Overlap,True,mlae,3,0.1,0.05,0.01,True,50,['ry'],cz,rx,rzz,ryy,hadamards,True,False,False
f3c22433-80d2-4178-b2a7-333ef718e7a8,['62b712ba237e876d2913297e'],"25/06/2022, 15:50:50",ibmq_ehningen,[1000],linear,5,1,hn,Overlap,True,mlae,3,0.1,0.05,0.01,True,50,['ry'],cz,rx,rzz,ryy,hadamards,True,False,False
57823657-5e3a-4be2-a0e3-35bf1976a6f0,['62b712e54368cc9d1ecf0640'],"25/06/2022, 15:51:33",ibmq_ehningen,[1000],linear,5,2,hn,Overlap,True,mlae,3,0.1,0.05,0.01,True,50,['ry'],cz,rx,rzz,ryy,hadamards,True,False,False
d8864051-eed2-41d7-b8ac-230b1b1e0ca4,['62b712e6f5e8ea457fa2e4f6'],"25/06/2022, 15:51:34",ibmq_ehningen,[1000],linear,5,5,hn,HTest,True,mlae,3,0.1,0.05,0.01,True,50,['ry'],cz,rx,rzz,ryy,hadamards,True,False,False
b067fc28-dfc5-4b0e-b762-b2c40a5848d7,['62b7130a4368ccac48cf0641'],"25/06/2022, 15:52:10",ibmq_ehningen,[1000],linear,5,3,hn,Overlap,True,mlae,3,0.1,0.05,0.01,True,50,['ry'],cz,rx,rzz,ryy,hadamards,True,False,False
52d879c6-c324-4487-b03c-bf8e75c7ca65,['62b7132e4368cc8f66cf0642'],"25/06/2022, 15:52:46",ibmq_ehningen,[1000],linear,5,4,hn,Overlap,True,mlae,3,0.1,0.05,0.01,True,50,['ry'],cz,rx,rzz,ryy,hadamards,True,False,False
57c47e78-1be2-4e27-abfa-ff6c1a2dacfc,['62b713544368cc659dcf0643'],"25/06/2022, 15:53:24",ibmq_ehningen,[1000],linear,5,5,hn,Overlap,True,mlae,3,0.1,0.05,0.01,True,50,['ry'],cz,rx,rzz,ryy,hadamards,True,False,False
78052198-f0fc-464a-af39-7083a6aa55ff,"['62b7143e4368cc867dcf0645', '62b71452237e8739d0132980']","25/06/2022, 15:57:18",ibmq_ehningen,"(10299, 5149)",linear,5,0,hn,HTest,True,fae,3,0.01,0.05,0.01,True,50,['ry'],cz,rx,rzz,ryy,hadamards,True,False,False
2c1896fa-38f4-4a4e-a0fd-dfb71e45de88,"['62b71461237e87f0c9132981', '62b7146e4368cc00bbcf0646']","25/06/2022, 15:57:53",ibmq_ehningen,"(10299, 5149)",linear,5,0,hn,Overlap,True,fae,3,0.01,0.05,0.01,True,50,['ry'],cz,rx,rzz,ryy,hadamards,True,False,False
8fb724ea-a354-4739-9249-6584bacd2a58,"['62b714e270abc2c7d5b1dc38', '62b714f3f5e8ea778ba2e4f9']","25/06/2022, 16:00:02",ibmq_ehningen,"(10299, 5149)",linear,5,1,hn,Overlap,True,fae,3,0.01,0.05,0.01,True,50,['ry'],cz,rx,rzz,ryy,hadamards,True,False,False
3a47d581-2755-49ee-a71b-738905a338f8,"['62b7152b70abc2244fb1dc39', '62b71544f5e8ea6cf5a2e4fa']","25/06/2022, 16:01:15",ibmq_ehningen,"(10299, 5149)",linear,5,1,hn,HTest,True,fae,3,0.01,0.05,0.01,True,50,['ry'],cz,rx,rzz,ryy,hadamards,True,False,False
4f50c65b-ef02-4f92-b4e4-3ecda8c2900e,"['62b7156170abc22c71b1dc3a', '62b71573f5e8ea7123a2e4fb']","25/06/2022, 16:02:09",ibmq_ehningen,"(10299, 5149)",linear,5,2,hn,Overlap,True,fae,3,0.01,0.05,0.01,True,50,['ry'],cz,rx,rzz,ryy,hadamards,True,False,False
609e1bfd-6d12-4e8e-af53-0f29a2b1777c,"['62b7160670abc21ef7b1dc3c', '62b7161bf5e8ea649fa2e4fc']","25/06/2022, 16:04:54",ibmq_ehningen,"(10299, 5149)",linear,5,3,hn,Overlap,True,fae,3,0.01,0.05,0.01,True,50,['ry'],cz,rx,rzz,ryy,hadamards,True,False,False
842403ea-e59f-42d3-a470-44fdf7707a0a,"['62b71697237e8717a0132982', '62b716a44368cc24fbcf0647']","25/06/2022, 16:07:19",ibmq_ehningen,"(10299, 5149)",linear,5,4,hn,Overlap,True,fae,3,0.01,0.05,0.01,True,50,['ry'],cz,rx,rzz,ryy,hadamards,True,False,False
ad49646d-8ac0-41bc-8877-860810f96b31,"['62b71753f5e8ea6031a2e4ff', '62b7176a70abc2ee18b1dc3e']","25/06/2022, 16:10:27",ibmq_ehningen,"(10299, 5149)",linear,5,5,hn,Overlap,True,fae,3,0.01,0.05,0.01,True,50,['ry'],cz,rx,rzz,ryy,hadamards,True,False,False
7ca0fb85-20ea-4d39-864a-a08921294501,"['62b717d870abc27be9b1dc3f', '62b717f5f5e8ea26c0a2e500']","25/06/2022, 16:12:40",ibmq_ehningen,"(10299, 5149)",linear,5,3,hn,HTest,True,fae,3,0.01,0.05,0.01,True,50,['ry'],cz,rx,rzz,ryy,hadamards,True,False,False
4228ad89-092a-47d2-a8e5-f637442e07a6,['74971a93-437d-4e3a-bab8-b81a7d4ef6b6'],"26/06/2022, 18:05:49",simulator,[1000],linear,5,0,hn,HTest,True,mlae,3,0.01,0.05,0.01,True,50,['ry'],cz,rx,rzz,ryy,hadamards,True,False,False
a3cea077-6b26-4801-af5c-c68849d19fc4,['0cc3c90a-7575-419e-a646-9c5b12483940'],"26/06/2022, 18:05:53",simulator,[1000],linear,5,1,hn,HTest,True,mlae,3,0.01,0.05,0.01,True,50,['ry'],cz,rx,rzz,ryy,hadamards,True,False,False
5e1cd318-8744-4831-a0ee-1b2dc6d4924a,['0ea36f89-1c1f-4646-bc55-00eac255f354'],"26/06/2022, 18:05:58",simulator,[1000],linear,5,2,hn,HTest,True,mlae,3,0.01,0.05,0.01,True,50,['ry'],cz,rx,rzz,ryy,hadamards,True,False,False
fea53c6f-dbad-41d2-9bf1-f60d20c9fb6d,['93b30bce-89b3-46a3-bfd8-78632409a886'],"26/06/2022, 18:06:04",simulator,[1000],linear,5,3,hn,HTest,True,mlae,3,0.01,0.05,0.01,True,50,['ry'],cz,rx,rzz,ryy,hadamards,True,False,False
6539ce7f-d059-4cbd-b23f-aa75223853b6,['685c9edf-0ebd-480c-8a7a-d25191a71671'],"26/06/2022, 18:06:11",simulator,[1000],linear,5,4,hn,HTest,True,mlae,3,0.01,0.05,0.01,True,50,['ry'],cz,rx,rzz,ryy,hadamards,True,False,False
ac2ec441-2eac-45de-a361-0d1ed9ce0247,['b36ea34a-2d4e-4e1f-91fc-62f440e9c4bf'],"26/06/2022, 18:06:19",simulator,[1000],linear,5,5,hn,HTest,True,mlae,3,0.01,0.05,0.01,True,50,['ry'],cz,rx,rzz,ryy,hadamards,True,False,False
b0dd96f2-0c83-4da8-b847-1aa3b3754d8e,"['ca48061f-ea06-4370-ba8c-b1c46b0ef5cd', 'd5ecb444-54b8-453e-a9f5-32389cd9bffb']","26/06/2022, 18:07:20",simulator,"(10299, 5149)",linear,5,0,hn,HTest,True,fae,3,0.01,0.05,0.01,True,50,['ry'],cz,rx,rzz,ryy,hadamards,True,False,False
fc61d98f-eb84-4c64-b63f-544e66e79f14,"['c8093450-dd77-44e4-9faa-34b00d288a73', '2f69d7b4-5167-44c1-bd2b-bd07672532b8']","26/06/2022, 18:07:36",simulator,"(10299, 5149)",linear,5,1,hn,HTest,True,fae,3,0.01,0.05,0.01,True,50,['ry'],cz,rx,rzz,ryy,hadamards,True,False,False
24267bb6-a40a-4708-9653-bfbb2c35d303,"['a83d86bf-1fb4-4129-9f89-0c1337dd157e', '34d264c0-0491-4e82-b515-763ebb50d761']","26/06/2022, 18:07:54",simulator,"(10299, 5149)",linear,5,2,hn,HTest,True,fae,3,0.01,0.05,0.01,True,50,['ry'],cz,rx,rzz,ryy,hadamards,True,False,False
b873fafe-b419-48a6-bb42-1da8a397042a,"['12fe50ea-2177-487c-99d7-bdea59ce27bf', '9d695342-511c-4da5-905d-07c4c8c4c85c']","26/06/2022, 18:08:15",simulator,"(10299, 5149)",linear,5,3,hn,HTest,True,fae,3,0.01,0.05,0.01,True,50,['ry'],cz,rx,rzz,ryy,hadamards,True,False,False
ef039511-cc0c-4541-b3bd-8fd10e76eea5,"['3f6d4ef0-226f-409e-bf03-ea34d3f49739', '22720228-492f-425a-abb3-e76a1752a90c']","26/06/2022, 18:08:38",simulator,"(10299, 5149)",linear,5,4,hn,HTest,True,fae,3,0.01,0.05,0.01,True,50,['ry'],cz,rx,rzz,ryy,hadamards,True,False,False
270d1f4a-d00d-4377-9684-c450c2332d82,"['7deffec0-bd65-4e8a-b103-11c261eb4af0', 'e2e81f34-9380-4712-8f1b-957befc4fd94']","26/06/2022, 18:09:04",simulator,"(10299, 5149)",linear,5,5,hn,HTest,True,fae,3,0.01,0.05,0.01,True,50,['ry'],cz,rx,rzz,ryy,hadamards,True,False,False
856169d5-fdd6-477c-b063-652671fef319,['8444defb-0703-478f-b5f4-906e3fb205cb'],"26/06/2022, 18:10:20",simulator,[1000],linear,5,0,hn,Overlap,True,mlae,3,0.01,0.05,0.01,True,50,['ry'],cz,rx,rzz,ryy,hadamards,True,False,False
41fd9fd4-9018-40f4-b033-ca5e5227a691,['22839e54-790c-4e62-93f2-a01285b0bb42'],"26/06/2022, 18:10:24",simulator,[1000],linear,5,1,hn,Overlap,True,mlae,3,0.01,0.05,0.01,True,50,['ry'],cz,rx,rzz,ryy,hadamards,True,False,False
dfd638c5-1491-44db-85c5-a1ed47daf86a,['fe27ced2-59de-4c42-af99-b0f8485e3a70'],"26/06/2022, 18:10:27",simulator,[1000],linear,5,2,hn,Overlap,True,mlae,3,0.01,0.05,0.01,True,50,['ry'],cz,rx,rzz,ryy,hadamards,True,False,False
0ce56e33-249c-4def-ae40-964d50810aff,['d6da26c6-2570-4aae-a8c6-3441ce019c65'],"26/06/2022, 18:10:31",simulator,[1000],linear,5,3,hn,Overlap,True,mlae,3,0.01,0.05,0.01,True,50,['ry'],cz,rx,rzz,ryy,hadamards,True,False,False
b8af42c0-970b-428a-8381-bf0cfc10498c,['8b7c2ef1-350f-408b-9886-c901bf64aa59'],"26/06/2022, 18:10:35",simulator,[1000],linear,5,4,hn,Overlap,True,mlae,3,0.01,0.05,0.01,True,50,['ry'],cz,rx,rzz,ryy,hadamards,True,False,False
f20cd819-2586-41ba-9e8e-99c1334d8179,['684db3cd-9a04-4395-8168-b15200da2aac'],"26/06/2022, 18:10:39",simulator,[1000],linear,5,5,hn,Overlap,True,mlae,3,0.01,0.05,0.01,True,50,['ry'],cz,rx,rzz,ryy,hadamards,True,False,False
0153c758-e6b2-4579-9f09-09d4c5befe6e,"['e07807d9-471a-4e03-806d-ebc940ec060b', '4ff0e953-0905-4219-bc67-451f651e4090']","26/06/2022, 18:16:49",simulator,"(10299, 5149)",linear,5,0,hn,Overlap,True,fae,3,0.01,0.05,0.01,True,50,['ry'],cz,rx,rzz,ryy,hadamards,True,False,False
fb685cbc-fbc0-4073-bfeb-bb086a3ea01e,"['cf30b62b-c61a-405a-a0e8-bd9324a13b0a', '17de79c5-3665-4651-8828-cedcc873b2fe']","26/06/2022, 18:17:04",simulator,"(10299, 5149)",linear,5,1,hn,Overlap,True,fae,3,0.01,0.05,0.01,True,50,['ry'],cz,rx,rzz,ryy,hadamards,True,False,False
a149eb02-dd10-45a0-a943-fbcb1ee89262,"['48da2f38-22bf-46f5-8ace-4b4090a841e5', '92d0272b-7ce5-4921-9324-45a83dcf1b7a']","26/06/2022, 18:17:20",simulator,"(10299, 5149)",linear,5,2,hn,Overlap,True,fae,3,0.01,0.05,0.01,True,50,['ry'],cz,rx,rzz,ryy,hadamards,True,False,False
5b56fa6d-1375-49bb-b5c5-9b8335caece2,"['8ebdfd0f-fc4c-48f4-9576-3b90ac95f6e1', '1a4e41eb-ae8e-4cdf-825f-f474836a30fc']","26/06/2022, 18:17:32",simulator,"(10299, 5149)",linear,5,3,hn,Overlap,True,fae,3,0.01,0.05,0.01,True,50,['ry'],cz,rx,rzz,ryy,hadamards,True,False,False
01338a7c-8d7a-4837-9196-7462befff6a6,"['6cacb048-2b1a-4d5a-b22b-fbf9a85ee224', '8da81c99-7ea6-497f-a7bf-16938a8cf804']","26/06/2022, 18:17:49",simulator,"(10299, 5149)",linear,5,4,hn,Overlap,True,fae,3,0.01,0.05,0.01,True,50,['ry'],cz,rx,rzz,ryy,hadamards,True,False,False
546d5152-5f5f-47e3-a23a-ec1f02e2b8c7,"['0d0d1efc-9c95-4e45-bddb-910aa4620cb5', '22130769-721e-4654-90a8-3825442f3438']","26/06/2022, 18:18:06",simulator,"(10299, 5149)",linear,5,5,hn,Overlap,True,fae,3,0.01,0.05,0.01,True,50,['ry'],cz,rx,rzz,ryy,hadamards,True,False,False
a3017de1-e1ce-4d25-b9da-b280ce69c133,['62b88c8770abc218b7b1de44'],"26/06/2022, 18:42:47",ibmq_ehningen,[1000],linear,5,0,hn,HTest,True,iae,6,0.01,0.05,0.01,True,50,['ry'],cz,rx,rzz,ryy,hadamards,True,False,False
8606c8ae-fc45-40dd-b42a-a0481351da61,['62b88d764368cc6476cf085d'],"26/06/2022, 18:46:46",ibmq_ehningen,[1000],linear,5,1,hn,HTest,True,iae,6,0.01,0.05,0.01,True,50,['ry'],cz,rx,rzz,ryy,hadamards,True,False,False
ce144958-5e13-43e1-a978-62f99df2abd4,['62b8aef7f5e8ea7a28a2e7d7'],"26/06/2022, 21:09:43",ibmq_ehningen,[1000],linear,5,0,hn,HTest,True,mlae,2,0.01,0.05,0.01,True,50,['ry'],cz,rx,rzz,ryy,hadamards,True,False,False
3489ded8-55f1-43a9-b8c6-36872eb96820,['62b8af354368cc049bcf08ea'],"26/06/2022, 21:10:45",ibmq_ehningen,[1000],linear,5,1,hn,HTest,True,mlae,2,0.01,0.05,0.01,True,50,['ry'],cz,rx,rzz,ryy,hadamards,True,False,False
8de7fb12-bc98-408d-b05a-2840bc61de6a,['62b8af8370abc2d824b1dedd'],"26/06/2022, 21:12:02",ibmq_ehningen,[1000],linear,5,2,hn,HTest,True,mlae,2,0.01,0.05,0.01,True,50,['ry'],cz,rx,rzz,ryy,hadamards,True,False,False
621d8f68-9cd7-4f14-be44-56a042e3035a,['62b8afe6f5e8ea1dc1a2e7d9'],"26/06/2022, 21:13:42",ibmq_ehningen,[1000],linear,5,3,hn,HTest,True,mlae,2,0.01,0.05,0.01,True,50,['ry'],cz,rx,rzz,ryy,hadamards,True,False,False
d2b37c44-39a8-4e6b-9825-b07105fc7503,['62b8b05c237e872b34132ce4'],"26/06/2022, 21:15:40",ibmq_ehningen,[1000],linear,5,4,hn,HTest,True,mlae,2,0.01,0.05,0.01,True,50,['ry'],cz,rx,rzz,ryy,hadamards,True,False,False
c0a9f3cf-edfb-403f-aca3-ac7c3e7d3e89,['62b8b0d270abc23685b1dee1'],"26/06/2022, 21:17:38",ibmq_ehningen,[1000],linear,5,5,hn,HTest,True,mlae,2,0.01,0.05,0.01,True,50,['ry'],cz,rx,rzz,ryy,hadamards,True,False,False
f13d60bd-d877-482f-aa21-061e6ae9205d,['62b96160f5e8eafcf8a2e8fb'],"27/06/2022, 09:50:56",ibmq_ehningen,[1000],linear,5,0,hn,Overlap,True,mlae,2,0.01,0.05,0.01,True,50,['ry'],cz,rx,rzz,ryy,hadamards,True,False,False
c31734d8-9703-456c-915f-8fce2200ea4b,['62b96176237e878113132e4d'],"27/06/2022, 09:51:17",ibmq_ehningen,[1000],linear,5,1,hn,Overlap,True,mlae,2,0.01,0.05,0.01,True,50,['ry'],cz,rx,rzz,ryy,hadamards,True,False,False
a7645c31-dfa1-4590-aaa1-5456538a25f7,['62b961774368cc55cfcf09e1'],"27/06/2022, 09:51:19",ibmq_ehningen,[1000],linear,5,0,hn,HTest,True,mlae,4,0.01,0.05,0.01,True,50,['ry'],cz,rx,rzz,ryy,hadamards,True,False,False
c933ee61-e389-4991-9a8a-c61579ed5984,['62b9618ef5e8ea12d8a2e8fc'],"27/06/2022, 09:51:42",ibmq_ehningen,[1000],linear,5,2,hn,Overlap,True,mlae,2,0.01,0.05,0.01,True,50,['ry'],cz,rx,rzz,ryy,hadamards,True,False,False
21eb91e8-0754-4b6e-b198-2910bed62047,['62b961b0f5e8ea78eba2e8fd'],"27/06/2022, 09:52:16",ibmq_ehningen,[1000],linear,5,3,hn,Overlap,True,mlae,2,0.01,0.05,0.01,True,50,['ry'],cz,rx,rzz,ryy,hadamards,True,False,False
8456217d-7fd5-4a82-8cc9-46536f0e1751,['62b961e14368cc3b1bcf09e2'],"27/06/2022, 09:53:05",ibmq_ehningen,[1000],linear,5,4,hn,Overlap,True,mlae,2,0.01,0.05,0.01,True,50,['ry'],cz,rx,rzz,ryy,hadamards,True,False,False
b3fde6c8-c733-4c80-8f04-e12dc75c7235,['62b9621a4368cc59e6cf09e3'],"27/06/2022, 09:54:02",ibmq_ehningen,[1000],linear,5,5,hn,Overlap,True,mlae,2,0.01,0.05,0.01,True,50,['ry'],cz,rx,rzz,ryy,hadamards,True,False,False
40803abb-6fb5-470f-9361-12534f451662,['62b96230237e87287c132e4e'],"27/06/2022, 09:54:24",ibmq_ehningen,[1000],linear,5,0,hn,Overlap,True,mlae,4,0.01,0.05,0.01,True,50,['ry'],cz,rx,rzz,ryy,hadamards,True,False,False
c0322c3f-ab6d-4421-b0a8-1043cda498f0,['62b9626d4368cc9848cf09e4'],"27/06/2022, 09:55:25",ibmq_ehningen,[1000],linear,5,1,hn,HTest,True,mlae,4,0.01,0.05,0.01,True,50,['ry'],cz,rx,rzz,ryy,hadamards,True,False,False
5175d5e6-ec8a-4807-b2be-259c38d7e88b,['62b96278f5e8ea4095a2e900'],"27/06/2022, 09:55:36",ibmq_ehningen,[1000],linear,5,1,hn,Overlap,True,mlae,4,0.01,0.05,0.01,True,50,['ry'],cz,rx,rzz,ryy,hadamards,True,False,False
bc9a9d67-512f-4b02-b080-28d742af6091,['62b962e8f5e8eabdf0a2e902'],"27/06/2022, 09:57:28",ibmq_ehningen,[1000],linear,5,2,hn,Overlap,True,mlae,4,0.01,0.05,0.01,True,50,['ry'],cz,rx,rzz,ryy,hadamards,True,False,False
1e68e4ae-41c0-43c9-96df-ae2275f82e48,['62b9635cf5e8ea3549a2e903'],"27/06/2022, 09:59:24",ibmq_ehningen,[1000],linear,5,3,hn,Overlap,True,mlae,4,0.01,0.05,0.01,True,50,['ry'],cz,rx,rzz,ryy,hadamards,True,False,False
e8513e9d-5a51-4841-adbc-167552053b17,['62b9639e4368cccdf2cf09e6'],"27/06/2022, 10:00:30",ibmq_ehningen,[1000],linear,5,2,hn,HTest,True,mlae,4,0.01,0.05,0.01,True,50,['ry'],cz,rx,rzz,ryy,hadamards,True,False,False
88786df3-d574-4f80-b9bc-a349c251f1a8,['62b963bc4368cc1058cf09e7'],"27/06/2022, 10:01:00",ibmq_ehningen,[1000],linear,5,4,hn,Overlap,True,mlae,4,0.01,0.05,0.01,True,50,['ry'],cz,rx,rzz,ryy,hadamards,True,False,False
40501889-9ff6-4702-8ad6-ec6cfe31cc83,['62b9644a4368cc4b99cf09e8'],"27/06/2022, 10:03:22",ibmq_ehningen,[1000],linear,5,5,hn,Overlap,True,mlae,4,0.01,0.05,0.01,True,50,['ry'],cz,rx,rzz,ryy,hadamards,True,False,False
b66a98bd-17f4-400e-ad6a-80fb115636f3,['62b964c74368ccbbe2cf09e9'],"27/06/2022, 10:05:27",ibmq_ehningen,[1000],linear,5,3,hn,HTest,True,mlae,4,0.01,0.05,0.01,True,50,['ry'],cz,rx,rzz,ryy,hadamards,True,False,False
13db5c8e-0bb3-4379-985b-16224badaaa8,['62b965e64368cc2906cf09ea'],"27/06/2022, 10:10:14",ibmq_ehningen,[1000],linear,5,4,hn,HTest,True,mlae,4,0.01,0.05,0.01,True,50,['ry'],cz,rx,rzz,ryy,hadamards,True,False,False
315fcf02-4831-4448-8def-75da857f2340,['7a717beb-e688-4c40-a106-88b099203e1e'],"27/06/2022, 10:49:44",simulator,[1000],linear,5,0,hnx,HTest,False,mlae,4,0.01,0.05,0.01,True,50,['ry'],cz,rx,rzz,ryy,hadamards,True,False,False
002791f2-0944-486c-82e5-1cb324cdf130,['2113a37c-4066-4298-9af9-3c354d013908'],"27/06/2022, 10:49:46",simulator,[1000],linear,5,1,hnx,HTest,False,mlae,4,0.01,0.05,0.01,True,50,['ry'],cz,rx,rzz,ryy,hadamards,True,False,False
20585839-1042-4c4e-a09d-f8c7daa96989,['deadfc5a-8d6e-43e3-b46f-b545eb3fc0ad'],"27/06/2022, 10:49:48",simulator,[1000],linear,5,2,hnx,HTest,False,mlae,4,0.01,0.05,0.01,True,50,['ry'],cz,rx,rzz,ryy,hadamards,True,False,False
3da672ad-1716-446b-9f9f-3d90b53fdddb,['8ba19ffa-ba72-4d1c-b142-9ed33b3f2a05'],"27/06/2022, 10:49:51",simulator,[1000],linear,5,3,hnx,HTest,False,mlae,4,0.01,0.05,0.01,True,50,['ry'],cz,rx,rzz,ryy,hadamards,True,False,False
39199b4e-76dd-4871-aa32-de2cd2f0acf4,['15b03767-afa9-4350-a67e-3d1ddb865f3b'],"27/06/2022, 10:49:53",simulator,[1000],linear,5,4,hnx,HTest,False,mlae,4,0.01,0.05,0.01,True,50,['ry'],cz,rx,rzz,ryy,hadamards,True,False,False
9d50ce22-8424-4402-afe8-4a92cd2f7c97,['a2f440de-fc2f-421d-9a30-30eeeeac1725'],"27/06/2022, 10:49:56",simulator,[1000],linear,5,5,hnx,HTest,False,mlae,4,0.01,0.05,0.01,True,50,['ry'],cz,rx,rzz,ryy,hadamards,True,False,False
5e71108c-78a5-4912-a447-4f98d345ec67,['62b96f3df5e8ea59fda2e909'],"27/06/2022, 10:50:04",ibmq_ehningen,[1000],linear,5,0,hnx,HTest,False,mlae,4,0.01,0.05,0.01,True,50,['ry'],cz,rx,rzz,ryy,hadamards,True,False,False
b2dcfe71-fe2b-48b7-b24f-d38484dc9149,['62b96f484368cc7ff6cf09f2'],"27/06/2022, 10:50:16",ibmq_ehningen,[1000],linear,5,1,hnx,HTest,False,mlae,4,0.01,0.05,0.01,True,50,['ry'],cz,rx,rzz,ryy,hadamards,True,False,False
457d1628-672b-4451-b3dc-8cc8995bd268,['a0ec19c3-7f80-4324-8729-299ce63e7018'],"27/06/2022, 10:50:20",simulator,[1000],linear,5,0,id,HTest,False,mlae,3,0.01,0.05,0.01,True,50,['ry'],cz,rx,rzz,ryy,hadamards,True,False,False
bbbc5d47-2a25-461a-b8f2-1038f39c18d4,['c3beae02-bfc1-402e-8a6f-0c90bc392799'],"27/06/2022, 10:50:23",simulator,[1000],linear,5,1,id,HTest,False,mlae,3,0.01,0.05,0.01,True,50,['ry'],cz,rx,rzz,ryy,hadamards,True,False,False
289b3d3d-ebc0-4ba3-8e6f-bae2f04497da,['82dc555d-4fe9-4af4-89fb-e6592ff9f779'],"27/06/2022, 10:50:27",simulator,[1000],linear,5,2,id,HTest,False,mlae,3,0.01,0.05,0.01,True,50,['ry'],cz,rx,rzz,ryy,hadamards,True,False,False
6065cc76-0010-4f64-8a12-bfd8e4b189c9,['bb2b73ca-b98c-490a-b324-dda72cef69f1'],"27/06/2022, 10:50:30",simulator,[1000],linear,5,3,id,HTest,False,mlae,3,0.01,0.05,0.01,True,50,['ry'],cz,rx,rzz,ryy,hadamards,True,False,False
dc90a103-faaf-4ecf-b898-922595976375,['e4f14fc3-e996-46ba-8839-1f96ee812ac2'],"27/06/2022, 10:50:33",simulator,[1000],linear,5,4,id,HTest,False,mlae,3,0.01,0.05,0.01,True,50,['ry'],cz,rx,rzz,ryy,hadamards,True,False,False
f8c883a6-f51b-4098-b142-0d0f3f6630b6,['62b96f594368cc3254cf09f3'],"27/06/2022, 10:50:33",ibmq_ehningen,[1000],linear,5,2,hnx,HTest,False,mlae,4,0.01,0.05,0.01,True,50,['ry'],cz,rx,rzz,ryy,hadamards,True,False,False
83831838-238c-4ae0-9279-5d903b0d78df,['4887b2a5-82ff-4662-a981-46542c4a840b'],"27/06/2022, 10:50:36",simulator,[1000],linear,5,5,id,HTest,False,mlae,3,0.01,0.05,0.01,True,50,['ry'],cz,rx,rzz,ryy,hadamards,True,False,False
944f89c6-94d5-48ff-ae7e-3a4c4d16ac8f,['62b96f674368cce039cf09f4'],"27/06/2022, 10:50:47",ibmq_ehningen,[1000],linear,5,0,id,HTest,False,mlae,3,0.01,0.05,0.01,True,50,['ry'],cz,rx,rzz,ryy,hadamards,True,False,False
8ce21549-9021-42fe-b265-60e739016aea,['62b96f6f4368cc5b3ccf09f5'],"27/06/2022, 10:50:55",ibmq_ehningen,[1000],linear,5,3,hnx,HTest,False,mlae,4,0.01,0.05,0.01,True,50,['ry'],cz,rx,rzz,ryy,hadamards,True,False,False
1ae60d83-cbbb-4398-a405-289e7ad3aca7,['62b96f74f5e8ea3440a2e90a'],"27/06/2022, 10:51:00",ibmq_ehningen,[1000],linear,5,1,id,HTest,False,mlae,3,0.01,0.05,0.01,True,50,['ry'],cz,rx,rzz,ryy,hadamards,True,False,False
0c16ec56-f686-4103-84a6-b27cfc327eee,['bf6da498-b013-4a88-aaf3-bc114146548a'],"27/06/2022, 10:51:08",simulator,[1000],linear,5,0,hn,HTest,False,mlae,3,0.01,0.05,0.01,True,50,"['rx', 'ry', 'rz']",cz,rx,rzz,ryy,hadamards,True,False,False
50bfb2af-e7ca-43ba-b49c-c898ec3b66c2,['06796004-0f9f-48fd-a1bd-e87ba6dbb4bc'],"27/06/2022, 10:51:15",simulator,[1000],linear,5,1,hn,HTest,False,mlae,3,0.01,0.05,0.01,True,50,"['rx', 'ry', 'rz']",cz,rx,rzz,ryy,hadamards,True,False,False
eb83e9ac-c640-425e-94ec-d7e3c81df012,['77e4a4e3-216a-407a-bb74-59dfe28ff1f5'],"27/06/2022, 10:51:21",simulator,[1000],linear,5,2,hn,HTest,False,mlae,3,0.01,0.05,0.01,True,50,"['rx', 'ry', 'rz']",cz,rx,rzz,ryy,hadamards,True,False,False
d5e2606a-19ac-47d0-8a00-f77e6115c6de,['b061e367-cca4-4d28-a9f5-577bd821b06f'],"27/06/2022, 10:51:27",simulator,[1000],linear,5,3,hn,HTest,False,mlae,3,0.01,0.05,0.01,True,50,"['rx', 'ry', 'rz']",cz,rx,rzz,ryy,hadamards,True,False,False
1647c87a-d3f4-4c42-bdc5-b9418f7cba4b,['62b96f8ff5e8ea444ba2e90b'],"27/06/2022, 10:51:27",ibmq_ehningen,[1000],linear,5,2,id,HTest,False,mlae,3,0.01,0.05,0.01,True,50,['ry'],cz,rx,rzz,ryy,hadamards,True,False,False
30f24fa4-54ed-4eff-9fd8-919374fc6616,['62b96f91f5e8ea1440a2e90c'],"27/06/2022, 10:51:29",ibmq_ehningen,[1000],linear,5,4,hnx,HTest,False,mlae,4,0.01,0.05,0.01,True,50,['ry'],cz,rx,rzz,ryy,hadamards,True,False,False
5ad1ed3e-b148-4348-ab55-85c799c9fcd5,['aa820a85-25e6-4fa5-a5e8-d9976f881c3b'],"27/06/2022, 10:51:30",simulator,[1000],linear,5,4,hn,HTest,False,mlae,3,0.01,0.05,0.01,True,50,"['rx', 'ry', 'rz']",cz,rx,rzz,ryy,hadamards,True,False,False
91e19b08-fc00-4f0c-8dd9-3bedf77547d6,['83a5ae29-69a8-4c66-be0e-0c2339a93890'],"27/06/2022, 10:51:36",simulator,[1000],linear,5,5,hn,HTest,False,mlae,3,0.01,0.05,0.01,True,50,"['rx', 'ry', 'rz']",cz,rx,rzz,ryy,hadamards,True,False,False
35c77614-a349-4b89-9519-c29a8bcb278a,['62b96fad70abc2b822b1dfdc'],"27/06/2022, 10:51:57",ibmq_ehningen,[1000],linear,5,0,hn,HTest,False,mlae,3,0.01,0.05,0.01,True,50,"['rx', 'ry', 'rz']",cz,rx,rzz,ryy,hadamards,True,False,False
4af90e98-05b7-426f-ad21-6e782cf8defe,['62b96faf4368cc1916cf09f6'],"27/06/2022, 10:51:59",ibmq_ehningen,[1000],linear,5,3,id,HTest,False,mlae,3,0.01,0.05,0.01,True,50,['ry'],cz,rx,rzz,ryy,hadamards,True,False,False
e720f465-a1c0-414c-a58e-742be19272c7,['62b96fbef5e8eac9eaa2e90d'],"27/06/2022, 10:52:14",ibmq_ehningen,[1000],linear,5,5,hnx,HTest,False,mlae,4,0.01,0.05,0.01,True,50,['ry'],cz,rx,rzz,ryy,hadamards,True,False,False
aff2cbe6-19d7-42c4-b5f6-fda8b5e51d11,['62b96fc470abc2a888b1dfdd'],"27/06/2022, 10:52:20",ibmq_ehningen,[1000],linear,5,1,hn,HTest,False,mlae,3,0.01,0.05,0.01,True,50,"['rx', 'ry', 'rz']",cz,rx,rzz,ryy,hadamards,True,False,False
a2128ba1-764e-4378-81a4-0c85a96faa33,['62b96fcd4368cc717ecf09f7'],"27/06/2022, 10:52:29",ibmq_ehningen,[1000],linear,5,4,id,HTest,False,mlae,3,0.01,0.05,0.01,True,50,['ry'],cz,rx,rzz,ryy,hadamards,True,False,False
f48d2922-8297-4f36-b7ac-4ee3642771eb,['62b96fdaf5e8ea6f7ba2e90e'],"27/06/2022, 10:52:42",ibmq_ehningen,[1000],linear,5,2,hn,HTest,False,mlae,3,0.01,0.05,0.01,True,50,"['rx', 'ry', 'rz']",cz,rx,rzz,ryy,hadamards,True,False,False
f81688bb-a5e9-448c-8372-41defec92eb4,['62b96fec237e87b409132e57'],"27/06/2022, 10:53:00",ibmq_ehningen,[1000],linear,5,5,id,HTest,False,mlae,3,0.01,0.05,0.01,True,50,['ry'],cz,rx,rzz,ryy,hadamards,True,False,False
7db7acf2-2a6e-45fd-87a4-053bc129e1f5,['62b96ff670abc2e150b1dfde'],"27/06/2022, 10:53:10",ibmq_ehningen,[1000],linear,5,3,hn,HTest,False,mlae,3,0.01,0.05,0.01,True,50,"['rx', 'ry', 'rz']",cz,rx,rzz,ryy,hadamards,True,False,False
c8812caf-2126-479d-81d5-a2c38ee96341,['62b9700ef5e8ea39b4a2e90f'],"27/06/2022, 10:53:34",ibmq_ehningen,[1000],linear,5,4,hn,HTest,False,mlae,3,0.01,0.05,0.01,True,50,"['rx', 'ry', 'rz']",cz,rx,rzz,ryy,hadamards,True,False,False
658a45ee-27ec-41f1-a41e-c870dcd2c317,['62b9702cf5e8ea3e8ba2e911'],"27/06/2022, 10:54:03",ibmq_ehningen,[1000],linear,5,5,hn,HTest,False,mlae,3,0.01,0.05,0.01,True,50,"['rx', 'ry', 'rz']",cz,rx,rzz,ryy,hadamards,True,False,False
f815aeb6-1c21-47ff-8ea4-0132ff71ddf8,['80bc7610-f93b-45ef-8642-e45e50d8c455'],"27/06/2022, 11:00:55",simulator,[1000],linear,5,0,hnx,HTest,False,mlae,3,0.01,0.05,0.01,True,50,"['rx', 'ry', 'rz']",cz,rx,rzz,ryy,hadamards,True,False,False
11a2bcef-1b5b-4049-815a-f58c06887f1f,['488c3666-1db8-4522-a6ef-2fba27862a48'],"27/06/2022, 11:00:58",simulator,[1000],linear,5,1,hnx,HTest,False,mlae,3,0.01,0.05,0.01,True,50,"['rx', 'ry', 'rz']",cz,rx,rzz,ryy,hadamards,True,False,False
97b1b193-b22d-4c89-a48d-9b40fdd4a009,['af1fd81d-768f-40e9-8ad7-e80b6120028f'],"27/06/2022, 11:01:00",simulator,[1000],linear,5,2,hnx,HTest,False,mlae,3,0.01,0.05,0.01,True,50,"['rx', 'ry', 'rz']",cz,rx,rzz,ryy,hadamards,True,False,False
f8828861-8d39-48d9-a89e-46ed8165e5e5,['df5596bb-d8f3-4ef2-adfb-501002163409'],"27/06/2022, 11:01:04",simulator,[1000],linear,5,3,hnx,HTest,False,mlae,3,0.01,0.05,0.01,True,50,"['rx', 'ry', 'rz']",cz,rx,rzz,ryy,hadamards,True,False,False
a43f3562-5300-4464-b8d9-9d322f2b764e,['2059c4a5-e62b-4d3e-aaea-cb3d2d6bd36d'],"27/06/2022, 11:01:07",simulator,[1000],linear,5,4,hnx,HTest,False,mlae,3,0.01,0.05,0.01,True,50,"['rx', 'ry', 'rz']",cz,rx,rzz,ryy,hadamards,True,False,False
a615266d-84cc-40c2-bc3a-401f2d1422f8,['be0936c7-e19c-4ad9-b5e8-2bbd8d87ba09'],"27/06/2022, 11:01:11",simulator,[1000],linear,5,5,hnx,HTest,False,mlae,3,0.01,0.05,0.01,True,50,"['rx', 'ry', 'rz']",cz,rx,rzz,ryy,hadamards,True,False,False
ae256c87-557d-4a70-9488-65426a8d2170,['62b971e04368ccbde1cf09f8'],"27/06/2022, 11:01:20",ibmq_ehningen,[1000],linear,5,0,hnx,HTest,False,mlae,3,0.01,0.05,0.01,True,50,"['rx', 'ry', 'rz']",cz,rx,rzz,ryy,hadamards,True,False,False
76867d5a-47a8-433a-bb91-a8e76cce6069,['c3bb3ab1-5caa-40e1-a9f7-ad4a06f598ce'],"27/06/2022, 11:01:25",simulator,[1000],linear,5,0,hnx,Overlap,False,mlae,3,0.01,0.05,0.01,True,50,"['rx', 'ry', 'rz']",cz,rx,rzz,ryy,hadamards,True,False,False
6af151ad-4233-4dbb-bd24-b271712253d4,['2ddb44e6-a9bd-41d7-87d1-ea2908901782'],"27/06/2022, 11:01:29",simulator,[1000],linear,5,1,hnx,Overlap,False,mlae,3,0.01,0.05,0.01,True,50,"['rx', 'ry', 'rz']",cz,rx,rzz,ryy,hadamards,True,False,False
f5bd5b32-461b-416f-b900-1cbd184b8abe,['c309f0d6-13a9-41c3-806c-2e2e61fd7e05'],"27/06/2022, 11:01:33",simulator,[1000],linear,5,2,hnx,Overlap,False,mlae,3,0.01,0.05,0.01,True,50,"['rx', 'ry', 'rz']",cz,rx,rzz,ryy,hadamards,True,False,False
9fe0a407-71db-4fae-8b77-3c8f3be58244,['62b971ee4368cc2969cf09f9'],"27/06/2022, 11:01:34",ibmq_ehningen,[1000],linear,5,1,hnx,HTest,False,mlae,3,0.01,0.05,0.01,True,50,"['rx', 'ry', 'rz']",cz,rx,rzz,ryy,hadamards,True,False,False
c27f8e95-e7e7-426d-bfb3-ac95b702c3a7,['6fb033e4-3203-438c-ad9f-7ad6312653a3'],"27/06/2022, 11:01:35",simulator,[1000],linear,5,3,hnx,Overlap,False,mlae,3,0.01,0.05,0.01,True,50,"['rx', 'ry', 'rz']",cz,rx,rzz,ryy,hadamards,True,False,False
7a4bf457-7637-42aa-ac54-b54cdb7c116b,['9e4254a3-e8ec-4860-af48-816a2145138a'],"27/06/2022, 11:01:38",simulator,[1000],linear,5,4,hnx,Overlap,False,mlae,3,0.01,0.05,0.01,True,50,"['rx', 'ry', 'rz']",cz,rx,rzz,ryy,hadamards,True,False,False
2bc9aa56-3d58-4688-9f14-08e1f552373f,['338d3f21-f6e0-4973-91e4-f1d2617fe567'],"27/06/2022, 11:01:42",simulator,[1000],linear,5,5,hnx,Overlap,False,mlae,3,0.01,0.05,0.01,True,50,"['rx', 'ry', 'rz']",cz,rx,rzz,ryy,hadamards,True,False,False
dd4ebd2c-0fb6-4832-8af8-6a151c046bd9,['64b15616-7d61-40b5-af91-c19275269285'],"27/06/2022, 11:01:47",simulator,[1000],linear,5,0,hn,Overlap,False,mlae,3,0.01,0.05,0.01,True,50,"['rx', 'ry', 'rz']",cz,rx,rzz,ryy,hadamards,True,False,False
deb7c481-36d8-410f-af0d-e86d2c126588,['ddfa4289-aaa1-430f-846d-0354a1ac98de'],"27/06/2022, 11:01:51",simulator,[1000],linear,5,1,hn,Overlap,False,mlae,3,0.01,0.05,0.01,True,50,"['rx', 'ry', 'rz']",cz,rx,rzz,ryy,hadamards,True,False,False
e3d93dbd-9a6e-45e0-958f-96f2e42a0808,['29ccb623-12ae-49d9-b26a-96aff95222e9'],"27/06/2022, 11:01:54",simulator,[1000],linear,5,2,hn,Overlap,False,mlae,3,0.01,0.05,0.01,True,50,"['rx', 'ry', 'rz']",cz,rx,rzz,ryy,hadamards,True,False,False
c65a54c4-fc33-44a7-9212-e4fde0a10d72,['62b972024368ccac65cf09fa'],"27/06/2022, 11:01:54",ibmq_ehningen,[1000],linear,5,0,hnx,Overlap,False,mlae,3,0.01,0.05,0.01,True,50,"['rx', 'ry', 'rz']",cz,rx,rzz,ryy,hadamards,True,False,False
f8cbeb15-9cd0-470d-a2c7-86aee6257beb,['62b97203237e8707b6132e5c'],"27/06/2022, 11:01:55",ibmq_ehningen,[1000],linear,5,2,hnx,HTest,False,mlae,3,0.01,0.05,0.01,True,50,"['rx', 'ry', 'rz']",cz,rx,rzz,ryy,hadamards,True,False,False
3437b71a-5b5b-411a-ae90-c18142794c95,['5ef6bb04-802b-4356-aad7-077f73e91ab7'],"27/06/2022, 11:01:57",simulator,[1000],linear,5,3,hn,Overlap,False,mlae,3,0.01,0.05,0.01,True,50,"['rx', 'ry', 'rz']",cz,rx,rzz,ryy,hadamards,True,False,False
a3bf7934-762b-48d9-a1d5-916de6693c1d,['54cb8139-0c73-44f9-91a5-53f82bf8477f'],"27/06/2022, 11:02:00",simulator,[1000],linear,5,4,hn,Overlap,False,mlae,3,0.01,0.05,0.01,True,50,"['rx', 'ry', 'rz']",cz,rx,rzz,ryy,hadamards,True,False,False
2d0538ca-f6f6-4921-9c50-5874aec80dc1,['05e1bcab-2b94-4aa5-855b-8abd1bbc5c01'],"27/06/2022, 11:02:04",simulator,[1000],linear,5,5,hn,Overlap,False,mlae,3,0.01,0.05,0.01,True,50,"['rx', 'ry', 'rz']",cz,rx,rzz,ryy,hadamards,True,False,False
a0e93304-d9b6-49f3-ab65-f6aa1ad1571c,['62b9720c237e87cae2132e5d'],"27/06/2022, 11:02:04",ibmq_ehningen,[1000],linear,5,1,hnx,Overlap,False,mlae,3,0.01,0.05,0.01,True,50,"['rx', 'ry', 'rz']",cz,rx,rzz,ryy,hadamards,True,False,False
72b3c6a2-b9d7-4224-94ad-d4bfa28d2961,['62b9721970abc28450b1dfe0'],"27/06/2022, 11:02:17",ibmq_ehningen,[1000],linear,5,0,hn,Overlap,False,mlae,3,0.01,0.05,0.01,True,50,"['rx', 'ry', 'rz']",cz,rx,rzz,ryy,hadamards,True,False,False
29136548-c6b0-4212-beb0-ef4a05a0699a,['62b9721c70abc22ceeb1dfe1'],"27/06/2022, 11:02:19",ibmq_ehningen,[1000],linear,5,2,hnx,Overlap,False,mlae,3,0.01,0.05,0.01,True,50,"['rx', 'ry', 'rz']",cz,rx,rzz,ryy,hadamards,True,False,False
1799598b-4d72-4602-82d6-fbdb4716183f,['62b9722470abc2e6b7b1dfe2'],"27/06/2022, 11:02:28",ibmq_ehningen,[1000],linear,5,1,hn,Overlap,False,mlae,3,0.01,0.05,0.01,True,50,"['rx', 'ry', 'rz']",cz,rx,rzz,ryy,hadamards,True,False,False
ff5cd769-2c84-4f90-b254-840ecbcf999e,['62b9722470abc2a7e4b1dfe3'],"27/06/2022, 11:02:28",ibmq_ehningen,[1000],linear,5,3,hnx,HTest,False,mlae,3,0.01,0.05,0.01,True,50,"['rx', 'ry', 'rz']",cz,rx,rzz,ryy,hadamards,True,False,False
831424c3-0f13-4a9b-a731-db4105ec493f,['62b97227237e87c73e132e5e'],"27/06/2022, 11:02:31",ibmq_ehningen,[1000],linear,5,3,hnx,Overlap,False,mlae,3,0.01,0.05,0.01,True,50,"['rx', 'ry', 'rz']",cz,rx,rzz,ryy,hadamards,True,False,False
9d72f540-aa73-4465-9a7b-db60f07bbe3b,['62b9722e4368ccba6ecf09fb'],"27/06/2022, 11:02:38",ibmq_ehningen,[1000],linear,5,2,hn,Overlap,False,mlae,3,0.01,0.05,0.01,True,50,"['rx', 'ry', 'rz']",cz,rx,rzz,ryy,hadamards,True,False,False
2d3c7795-304f-4bd8-b2dc-0e31d69d8e59,['62b9723570abc2aad4b1dfe4'],"27/06/2022, 11:02:45",ibmq_ehningen,[1000],linear,5,4,hnx,Overlap,False,mlae,3,0.01,0.05,0.01,True,50,"['rx', 'ry', 'rz']",cz,rx,rzz,ryy,hadamards,True,False,False
0463d89e-579c-4c31-a61d-8094ced4b300,['62b9723f70abc260c9b1dfe5'],"27/06/2022, 11:02:54",ibmq_ehningen,[1000],linear,5,3,hn,Overlap,False,mlae,3,0.01,0.05,0.01,True,50,"['rx', 'ry', 'rz']",cz,rx,rzz,ryy,hadamards,True,False,False
33c1e8b5-328a-4b57-9bd1-bdd66bc2f43a,['62b972474368cc7226cf09fc'],"27/06/2022, 11:03:03",ibmq_ehningen,[1000],linear,5,5,hnx,Overlap,False,mlae,3,0.01,0.05,0.01,True,50,"['rx', 'ry', 'rz']",cz,rx,rzz,ryy,hadamards,True,False,False
fec6b4a9-9392-48a3-8de3-3a9097106303,['62b9724c237e8702cb132e5f'],"27/06/2022, 11:03:08",ibmq_ehningen,[1000],linear,5,4,hn,Overlap,False,mlae,3,0.01,0.05,0.01,True,50,"['rx', 'ry', 'rz']",cz,rx,rzz,ryy,hadamards,True,False,False
eb17c43e-26bb-4595-865c-942acdfe3580,['62b9724d4368cc6a3fcf09fd'],"27/06/2022, 11:03:09",ibmq_ehningen,[1000],linear,5,4,hnx,HTest,False,mlae,3,0.01,0.05,0.01,True,50,"['rx', 'ry', 'rz']",cz,rx,rzz,ryy,hadamards,True,False,False
ea905d3d-55ca-4df2-8687-ede02092529a,['62b97257f5e8eab07ea2e912'],"27/06/2022, 11:03:19",ibmq_ehningen,[1000],linear,5,5,hn,Overlap,False,mlae,3,0.01,0.05,0.01,True,50,"['rx', 'ry', 'rz']",cz,rx,rzz,ryy,hadamards,True,False,False
9cf6a0c0-59ff-4279-bf8d-ba2e5fd709c5,['62b9726d70abc257f8b1dfe6'],"27/06/2022, 11:03:41",ibmq_ehningen,[1000],linear,5,5,hnx,HTest,False,mlae,3,0.01,0.05,0.01,True,50,"['rx', 'ry', 'rz']",cz,rx,rzz,ryy,hadamards,True,False,False
e714d8fc-bcc3-4d74-bef0-b8940dc8981a,['713cdf73-aa62-452f-af5d-3651e9970506'],"28/06/2022, 15:16:45",simulator,[1000],linear,5,0,hn,HTest,False,iae,10,0.01,0.05,0.01,True,50,['ry'],cz,rx,rzz,ryy,hadamards,True,False,False
9dcdd7d4-3e32-4d9d-8e88-0091d4b21333,['0257c7f8-2b41-4fb3-9292-ae8178231b48'],"28/06/2022, 15:16:47",simulator,[1000],linear,5,1,hn,HTest,False,iae,10,0.01,0.05,0.01,True,50,['ry'],cz,rx,rzz,ryy,hadamards,True,False,False
0cec3c6e-5437-42d9-807e-2cb2aaab5f5a,['b36df4a5-1216-4e03-bc21-96e4877a15fd'],"28/06/2022, 15:16:49",simulator,[1000],linear,5,2,hn,HTest,False,iae,10,0.01,0.05,0.01,True,50,['ry'],cz,rx,rzz,ryy,hadamards,True,False,False
2df42fff-5226-42be-8f42-2a7b81df6b04,['28527831-fab4-4e6c-982e-3adaeb5c9040'],"28/06/2022, 15:16:51",simulator,[1000],linear,5,3,hn,HTest,False,iae,10,0.01,0.05,0.01,True,50,['ry'],cz,rx,rzz,ryy,hadamards,True,False,False
6f3f56eb-9406-451a-bb08-e1fc9b3fc2eb,['61f3d8e7-b213-479f-a743-7f0f92c9abf0'],"28/06/2022, 15:16:54",simulator,[1000],linear,5,4,hn,HTest,False,iae,10,0.01,0.05,0.01,True,50,['ry'],cz,rx,rzz,ryy,hadamards,True,False,False
d4a0c037-a6ab-42ae-8b5c-9c6d517d1683,['08faf00f-3f4b-4d57-a7c6-481d5764b0c7'],"28/06/2022, 15:16:56",simulator,[1000],linear,5,5,hn,HTest,False,iae,10,0.01,0.05,0.01,True,50,['ry'],cz,rx,rzz,ryy,hadamards,True,False,False
d23697e6-0286-4bb6-8df2-ca45f860fb86,['e7d54852-02da-4b71-8fe2-cbc86c4fbedc'],"28/06/2022, 15:17:30",simulator,[1000],linear,5,0,hn,HTest,True,iae,10,0.01,0.05,0.01,True,50,['ry'],cz,rx,rzz,ryy,hadamards,True,False,False
0ea38c08-845d-48bf-a19a-add3418c7e59,['fb8dbf0c-851e-4ca9-90c3-49efd0cde705'],"28/06/2022, 15:17:50",simulator,[1000],linear,5,1,hn,HTest,True,iae,10,0.01,0.05,0.01,True,50,['ry'],cz,rx,rzz,ryy,hadamards,True,False,False
efaf1400-aed4-412c-a512-ec21826ac538,['00904786-37de-4400-be1f-41b44bf0fe9e'],"28/06/2022, 15:18:21",simulator,[1000],linear,5,2,hn,HTest,True,iae,10,0.01,0.05,0.01,True,50,['ry'],cz,rx,rzz,ryy,hadamards,True,False,False
dbd06d4e-b855-4ab1-bac1-19e112f2533f,['8001e939-12e3-4704-a6c0-804e4fc4e008'],"28/06/2022, 15:19:03",simulator,[1000],linear,5,3,hn,HTest,True,iae,10,0.01,0.05,0.01,True,50,['ry'],cz,rx,rzz,ryy,hadamards,True,False,False
4f673152-b398-4a00-8fbf-260af055e204,['c5d38999-b84a-4d4f-ac95-14b3f28a1e28'],"28/06/2022, 15:19:58",simulator,[1000],linear,5,4,hn,HTest,True,iae,10,0.01,0.05,0.01,True,50,['ry'],cz,rx,rzz,ryy,hadamards,True,False,False
0efef0b6-c249-4436-8b96-553e8814255a,['e79b58ad-0276-4f4b-897d-503cc9301eee'],"28/06/2022, 15:26:26",simulator,[1000],linear,5,0,hn,HTest,True,mlae,2,0.01,0.05,0.01,True,50,['ry'],cz,rx,rzz,ryy,hadamards,True,False,False
1c581623-c222-4710-b2f6-366dabd53c95,['86781de0-35c6-4f95-961d-09faef2617a5'],"28/06/2022, 15:26:30",simulator,[1000],linear,5,1,hn,HTest,True,mlae,2,0.01,0.05,0.01,True,50,['ry'],cz,rx,rzz,ryy,hadamards,True,False,False
aa02c336-3942-4229-b26b-3d6bb470772d,['d57cfb0f-fcc8-41a2-95be-bca1b3e6d484'],"28/06/2022, 15:26:33",simulator,[1000],linear,5,2,hn,HTest,True,mlae,2,0.01,0.05,0.01,True,50,['ry'],cz,rx,rzz,ryy,hadamards,True,False,False
5ec86fa1-f37c-4bfe-8240-3367a74e6158,['ff6fb889-71d4-46e4-8102-f36ea51e7b7b'],"28/06/2022, 15:26:38",simulator,[1000],linear,5,3,hn,HTest,True,mlae,2,0.01,0.05,0.01,True,50,['ry'],cz,rx,rzz,ryy,hadamards,True,False,False
f5addf49-46f0-4dc5-9344-f18ccfc26b8d,['53afe658-b3df-4f16-ba75-57b1260bfa54'],"28/06/2022, 15:26:42",simulator,[1000],linear,5,4,hn,HTest,True,mlae,2,0.01,0.05,0.01,True,50,['ry'],cz,rx,rzz,ryy,hadamards,True,False,False
7f2f6c7c-2476-4e90-b06c-b3f5a55b9094,['450a7404-7620-4de0-9058-1ff66620443a'],"28/06/2022, 15:26:47",simulator,[1000],linear,5,5,hn,HTest,True,mlae,2,0.01,0.05,0.01,True,50,['ry'],cz,rx,rzz,ryy,hadamards,True,False,False
2c0cd804-7fca-4a45-8ef9-70a1c7c9e9a2,['18bf227d-9563-4e5f-8442-2db39c79f77c'],"28/06/2022, 15:26:52",simulator,[1000],linear,5,0,hn,HTest,True,mlae,4,0.01,0.05,0.01,True,50,['ry'],cz,rx,rzz,ryy,hadamards,True,False,False
362aaecb-4c31-4da7-9e97-06202fdbca5d,['182908d1-dbc5-4a24-b9ce-374f3898c860'],"28/06/2022, 15:26:58",simulator,[1000],linear,5,1,hn,HTest,True,mlae,4,0.01,0.05,0.01,True,50,['ry'],cz,rx,rzz,ryy,hadamards,True,False,False
fd38d636-839c-4bc2-a548-edfd6bedbf8e,['f6e67243-f741-43d4-8c37-2015d0d0b946'],"28/06/2022, 15:27:06",simulator,[1000],linear,5,2,hn,HTest,True,mlae,4,0.01,0.05,0.01,True,50,['ry'],cz,rx,rzz,ryy,hadamards,True,False,False
5e1932c2-3d57-4625-9150-ec4b3699d3cc,['235a42cf-2c50-473a-8e06-81e4501c363c'],"28/06/2022, 15:27:15",simulator,[1000],linear,5,3,hn,HTest,True,mlae,4,0.01,0.05,0.01,True,50,['ry'],cz,rx,rzz,ryy,hadamards,True,False,False
1ffb12e3-7663-4fdd-8e2e-58a5c5b58dba,['78de9e01-5c79-44f9-a798-ec81cebbb21a'],"28/06/2022, 15:27:27",simulator,[1000],linear,5,4,hn,HTest,True,mlae,4,0.01,0.05,0.01,True,50,['ry'],cz,rx,rzz,ryy,hadamards,True,False,False
ec2d1659-6dc0-44ae-a1f4-5355d10a0f63,['30b87269-5550-45e0-80f5-ef262dab634d'],"28/06/2022, 15:27:40",simulator,[1000],linear,5,5,hn,HTest,True,mlae,4,0.01,0.05,0.01,True,50,['ry'],cz,rx,rzz,ryy,hadamards,True,False,False
