exp_id,job_id,job_time,backend,shots,archt,rhs,qubits,layers,cost,operator,innerp,samples,rotations,entangler,mixer,driver,driver_per,initial_qaoa,sabre,mapomatic,DD
d171a845-dfc8-46f0-a89d-8d04f1bfc441,['3be607e9-f70b-43ab-b570-e33664bf8b22'],"22/09/2022, 17:25:47",simulator,1000,linear_alternating,hn,5,3,Sato21_Innerp,Sato21,HTest,50,['ry'],cz,rx,rzz,ryy,hadamards,True,False,False
67875dbf-b9b2-4fd3-9c00-d35da45ca014,['632c97f27fcd175f3273c9b4'],"22/09/2022, 19:14:26",ibmq_ehningen,1000,linear_alternating,hn,5,3,Sato21_Innerp,Sato21,HTest,50,['ry'],cz,rx,rzz,ryy,hadamards,True,False,False
0cbda766-7473-4be8-80c7-9771abb320da,['e90a3d12-17e8-4924-94ef-96812d7d4ac6'],"22/09/2022, 19:16:05",simulator,100000,linear_alternating,hn,5,3,Sato21_Innerp,Sato21,HTest,50,['ry'],cz,rx,rzz,ryy,hadamards,True,False,False
fa26e2c6-b02c-4684-b821-664463489eeb,['6a4a4f52-0bf5-41e1-b87e-98515c6c66fe'],"22/09/2022, 19:22:40",simulator,1000000,linear_alternating,hn,5,3,Sato21_Innerp,Sato21,HTest,50,['ry'],cz,rx,rzz,ryy,hadamards,True,False,False
81932fcc-114f-415c-9a0b-b1bd5e2fb76f,['a546e4ee-7935-4dbb-bac8-56f2d1310060'],"23/09/2022, 10:53:47",simulator,10,linear_alternating,hn,5,3,Sato21_Innerp,Paulis,HTest,50,['ry'],cz,rx,rzz,ryy,hadamards,True,False,False
b0a145a5-0799-4267-9dac-ae990deb3327,['0506fb58-4a54-4ac7-9c12-a6c6bbf63de4'],"23/09/2022, 10:53:53",simulator,10,linear_alternating,hn,5,3,Sato21_Innerp,Sato21,HTest,50,['ry'],cz,rx,rzz,ryy,hadamards,True,False,False
b6984eee-814c-4953-9e07-84b59fd374b9,['bc6db233-f856-4bbd-9915-fa88ee9a781a'],"23/09/2022, 10:53:58",simulator,10,linear_alternating,hn,5,3,Sato21_Innerp,SatoLiu21,HTest,50,['ry'],cz,rx,rzz,ryy,hadamards,True,False,False
42935f9d-d739-4f56-8eb4-80c24836f619,['94375c59-834f-4ce8-94de-4cedafc5c542'],"23/09/2022, 10:54:04",simulator,10,linear_alternating,hn,5,3,Sato21_Nonnorm,Paulis,HTest,50,['ry'],cz,rx,rzz,ryy,hadamards,True,False,False
f85c0b7a-8590-43ea-a178-470198bb1560,['5435686e-67c0-4bfc-8436-74bfd9865fa0'],"23/09/2022, 10:54:10",simulator,10,linear_alternating,hn,5,3,Sato21_Nonnorm,Sato21,HTest,50,['ry'],cz,rx,rzz,ryy,hadamards,True,False,False
59571cc0-2893-4b38-941a-6474d3c6c202,['aebdc939-c0f8-4fd8-bfa8-3662b38664a8'],"23/09/2022, 10:54:14",simulator,10,linear_alternating,hn,5,3,Sato21_Nonnorm,SatoLiu21,HTest,50,['ry'],cz,rx,rzz,ryy,hadamards,True,False,False
5603f1a6-eeb0-43eb-a963-64183fa1a658,['069942af-0149-45d3-9526-1929bbddaae7'],"23/09/2022, 10:54:20",simulator,10,linear_alternating,hnx,5,3,Sato21_Innerp,Paulis,HTest,50,['ry'],cz,rx,rzz,ryy,hadamards,True,False,False
ce0721e3-d49a-4f9d-9e62-f40f96f1c74d,['836b031d-94cd-47b9-b9aa-8ff7d8d04bbf'],"23/09/2022, 10:54:26",simulator,10,linear_alternating,hnx,5,3,Sato21_Innerp,Sato21,HTest,50,['ry'],cz,rx,rzz,ryy,hadamards,True,False,False
668453e2-4fcb-499d-9cb0-2e9ecbf0ef8f,['af03556b-dc5a-438b-962b-0a762c95974c'],"23/09/2022, 10:54:31",simulator,10,linear_alternating,hnx,5,3,Sato21_Innerp,SatoLiu21,HTest,50,['ry'],cz,rx,rzz,ryy,hadamards,True,False,False
a56be3b8-63bd-43cb-aa94-62a60fe90d8c,['8c35061b-c491-426b-bd8d-4082b6c10593'],"23/09/2022, 10:54:37",simulator,10,linear_alternating,hnx,5,3,Sato21_Nonnorm,Paulis,HTest,50,['ry'],cz,rx,rzz,ryy,hadamards,True,False,False
4d1dc322-fb3d-4e39-842d-c8267c3b32b7,['4caa6ec7-ef7e-4a47-8aa1-cee17e687c4d'],"23/09/2022, 10:54:43",simulator,10,linear_alternating,hnx,5,3,Sato21_Nonnorm,Sato21,HTest,50,['ry'],cz,rx,rzz,ryy,hadamards,True,False,False
59d5a640-c0d6-47a1-97a4-d23b9762a436,['050de4cf-d8de-4274-bab8-3646a7db74ad'],"23/09/2022, 10:54:47",simulator,10,linear_alternating,hnx,5,3,Sato21_Nonnorm,SatoLiu21,HTest,50,['ry'],cz,rx,rzz,ryy,hadamards,True,False,False
6abaffcf-40ed-472b-8d98-49733f69109f,['a8da2190-0677-4bca-ae65-70014d0aa7bd'],"23/09/2022, 10:54:53",simulator,100,linear_alternating,hn,5,3,Sato21_Innerp,Paulis,HTest,50,['ry'],cz,rx,rzz,ryy,hadamards,True,False,False
437cfa88-963b-4f8e-a404-1a016bc811ca,['315dba4f-9e5e-4b93-9bb8-99336fb405e2'],"23/09/2022, 10:55:00",simulator,100,linear_alternating,hn,5,3,Sato21_Innerp,Sato21,HTest,50,['ry'],cz,rx,rzz,ryy,hadamards,True,False,False
4c9c3212-8c4e-49b1-815a-3136ac193702,['08cdb703-940a-49c2-916a-a04eec4f1b7c'],"23/09/2022, 10:55:04",simulator,100,linear_alternating,hn,5,3,Sato21_Innerp,SatoLiu21,HTest,50,['ry'],cz,rx,rzz,ryy,hadamards,True,False,False
96433bf1-6caf-4fb7-9643-782b21f29129,['7abc2421-3d8d-4519-92d9-7c0b587bc2e8'],"23/09/2022, 10:55:10",simulator,100,linear_alternating,hn,5,3,Sato21_Nonnorm,Paulis,HTest,50,['ry'],cz,rx,rzz,ryy,hadamards,True,False,False
1b69238f-5ef9-4490-a7fe-2bf36512b596,['8031bde6-e686-4daa-8f72-0665e53caddc'],"23/09/2022, 10:55:17",simulator,100,linear_alternating,hn,5,3,Sato21_Nonnorm,Sato21,HTest,50,['ry'],cz,rx,rzz,ryy,hadamards,True,False,False
eabb8dfc-e18e-4f98-9678-abc5fb4abda7,['896d4a85-fff9-4ac9-88c2-194114f2e699'],"23/09/2022, 10:55:21",simulator,100,linear_alternating,hn,5,3,Sato21_Nonnorm,SatoLiu21,HTest,50,['ry'],cz,rx,rzz,ryy,hadamards,True,False,False
0d74607a-ef11-479a-b9a0-be973bd7747e,['ac58b24f-ed06-4f3d-9503-6083d58cdf28'],"23/09/2022, 10:55:27",simulator,100,linear_alternating,hnx,5,3,Sato21_Innerp,Paulis,HTest,50,['ry'],cz,rx,rzz,ryy,hadamards,True,False,False
00a2d8cf-d87a-4d1f-ac41-961e72197688,['97cf8904-383f-447d-924a-43d70211e9cd'],"23/09/2022, 10:55:34",simulator,100,linear_alternating,hnx,5,3,Sato21_Innerp,Sato21,HTest,50,['ry'],cz,rx,rzz,ryy,hadamards,True,False,False
d0677e28-7b24-42db-b732-dbc4bc606dc6,['6a3f13a9-bbb8-4c89-8d75-703a9a3de662'],"23/09/2022, 10:55:38",simulator,100,linear_alternating,hnx,5,3,Sato21_Innerp,SatoLiu21,HTest,50,['ry'],cz,rx,rzz,ryy,hadamards,True,False,False
df4a427d-5d32-48f4-b47b-465055c70184,['edeaea2d-f609-4696-89d0-10b5494eac6a'],"23/09/2022, 10:55:44",simulator,100,linear_alternating,hnx,5,3,Sato21_Nonnorm,Paulis,HTest,50,['ry'],cz,rx,rzz,ryy,hadamards,True,False,False
a23e3069-afb0-43c1-a46a-bab4ce01adb3,['f9eff17e-c475-4a00-bcbc-41d0714e10e1'],"23/09/2022, 10:55:50",simulator,100,linear_alternating,hnx,5,3,Sato21_Nonnorm,Sato21,HTest,50,['ry'],cz,rx,rzz,ryy,hadamards,True,False,False
8fa11854-7e9f-4ae8-92bc-b9763c45e1d7,['446a6fa4-34e1-442b-b968-89eac432aed5'],"23/09/2022, 10:55:55",simulator,100,linear_alternating,hnx,5,3,Sato21_Nonnorm,SatoLiu21,HTest,50,['ry'],cz,rx,rzz,ryy,hadamards,True,False,False
3237e817-9869-418a-b10c-88ab067576b9,['33ab0fc4-03b4-4891-b7fd-ac19aa922415'],"23/09/2022, 10:56:01",simulator,1000,linear_alternating,hn,5,3,Sato21_Innerp,Paulis,HTest,50,['ry'],cz,rx,rzz,ryy,hadamards,True,False,False
fd8846d5-d735-44e8-a4e9-a3f848482317,['54680af8-7782-4cea-adb2-f522757e7d2b'],"23/09/2022, 10:56:10",simulator,1000,linear_alternating,hn,5,3,Sato21_Innerp,Sato21,HTest,50,['ry'],cz,rx,rzz,ryy,hadamards,True,False,False
a94c4467-a383-4604-8f5a-27f0afd220de,['3e36c9ad-1346-4a05-b3bf-43dd4ab2cf86'],"23/09/2022, 10:56:14",simulator,1000,linear_alternating,hn,5,3,Sato21_Innerp,SatoLiu21,HTest,50,['ry'],cz,rx,rzz,ryy,hadamards,True,False,False
427c3f9b-5559-404a-a9f3-6b2ea600b7c3,['90f43018-f300-4e06-a876-8527f015a08f'],"23/09/2022, 10:56:22",simulator,1000,linear_alternating,hn,5,3,Sato21_Nonnorm,Paulis,HTest,50,['ry'],cz,rx,rzz,ryy,hadamards,True,False,False
95dd7ef0-629d-464c-90d9-d874c70eebbf,['45c89a9f-42bc-4882-8ad4-bc72150a8304'],"23/09/2022, 10:56:31",simulator,1000,linear_alternating,hn,5,3,Sato21_Nonnorm,Sato21,HTest,50,['ry'],cz,rx,rzz,ryy,hadamards,True,False,False
0ed45e1e-f1ea-481c-b65e-3a5fb75c7f69,['661124cc-ad0b-46f9-8ae0-22f51847c0ef'],"23/09/2022, 10:56:36",simulator,1000,linear_alternating,hn,5,3,Sato21_Nonnorm,SatoLiu21,HTest,50,['ry'],cz,rx,rzz,ryy,hadamards,True,False,False
51d63364-f7c1-4796-9400-33327ccb035d,['a5a00b1f-31bb-4e84-aa25-f304f6b792d0'],"23/09/2022, 10:56:42",simulator,1000,linear_alternating,hnx,5,3,Sato21_Innerp,Paulis,HTest,50,['ry'],cz,rx,rzz,ryy,hadamards,True,False,False
d65c72f4-a7e9-42ff-aa96-da9f6919407f,['d15b093d-57cb-497a-a408-a66c40cb6257'],"23/09/2022, 10:56:51",simulator,1000,linear_alternating,hnx,5,3,Sato21_Innerp,Sato21,HTest,50,['ry'],cz,rx,rzz,ryy,hadamards,True,False,False
a348f5c5-3320-4ec8-a85d-fa61b11b07d9,['f33ba9dc-e59b-497d-ae3d-d167fe3757d1'],"23/09/2022, 10:56:57",simulator,1000,linear_alternating,hnx,5,3,Sato21_Innerp,SatoLiu21,HTest,50,['ry'],cz,rx,rzz,ryy,hadamards,True,False,False
ef455a87-3188-4617-876a-e93e43d9b6f1,['f89c51bd-c885-4e6d-857c-d7b3f39307d6'],"23/09/2022, 10:57:03",simulator,1000,linear_alternating,hnx,5,3,Sato21_Nonnorm,Paulis,HTest,50,['ry'],cz,rx,rzz,ryy,hadamards,True,False,False
4c74b61a-dbda-4737-bdd3-0fe8b928df31,['588937e8-6c05-4a09-857d-56f886fbb2e0'],"23/09/2022, 10:57:12",simulator,1000,linear_alternating,hnx,5,3,Sato21_Nonnorm,Sato21,HTest,50,['ry'],cz,rx,rzz,ryy,hadamards,True,False,False
73b9848d-276d-469e-90c7-8e48adccc04a,['e227f84f-d375-48bd-a8d2-5f9881ceba6d'],"23/09/2022, 10:57:17",simulator,1000,linear_alternating,hnx,5,3,Sato21_Nonnorm,SatoLiu21,HTest,50,['ry'],cz,rx,rzz,ryy,hadamards,True,False,False
78eb2c0d-4eb4-4129-9eff-5c594242004c,['41efade1-7aed-49de-a920-d92a90e6f182'],"23/09/2022, 10:57:23",simulator,10000,linear_alternating,hn,5,3,Sato21_Innerp,Paulis,HTest,50,['ry'],cz,rx,rzz,ryy,hadamards,True,False,False
40a8c37b-7bd7-474c-a5fa-f1c49af3035a,['7677302a-77e8-4119-a6b3-40233d814f2b'],"23/09/2022, 10:57:59",simulator,10000,linear_alternating,hn,5,3,Sato21_Innerp,Sato21,HTest,50,['ry'],cz,rx,rzz,ryy,hadamards,True,False,False
d56d940e-48f0-4835-b717-b5d74795856f,['4ea0beb4-dd8e-4a4d-ae3e-1d5d25daab50'],"23/09/2022, 10:58:12",simulator,10000,linear_alternating,hn,5,3,Sato21_Innerp,SatoLiu21,HTest,50,['ry'],cz,rx,rzz,ryy,hadamards,True,False,False
0f32b3b3-6811-4911-9ada-8ea9c91f08cd,['05858f23-61fa-4e28-a366-6a50e8cec299'],"23/09/2022, 10:58:18",simulator,10000,linear_alternating,hn,5,3,Sato21_Nonnorm,Paulis,HTest,50,['ry'],cz,rx,rzz,ryy,hadamards,True,False,False
9bef3a19-12a3-4276-9c12-7c3806cf40b6,['6a96dfad-2bc3-4582-9e67-98bb6da035c2'],"23/09/2022, 10:58:55",simulator,10000,linear_alternating,hn,5,3,Sato21_Nonnorm,Sato21,HTest,50,['ry'],cz,rx,rzz,ryy,hadamards,True,False,False
cccf52f4-85c1-4477-8c56-7323ba7360a0,['28d74fd9-258f-4ce4-a283-8297482d4b50'],"23/09/2022, 10:59:08",simulator,10000,linear_alternating,hn,5,3,Sato21_Nonnorm,SatoLiu21,HTest,50,['ry'],cz,rx,rzz,ryy,hadamards,True,False,False
81f7ce1b-4c66-4020-b8e6-f9f09d824260,['1d62de17-a317-43cc-b40b-8bf4a58a5f87'],"23/09/2022, 10:59:15",simulator,10000,linear_alternating,hnx,5,3,Sato21_Innerp,Paulis,HTest,50,['ry'],cz,rx,rzz,ryy,hadamards,True,False,False
0bb25848-31bd-4576-820f-717856836f99,['55dc781c-6b02-48c9-a7c0-fa922a878edc'],"23/09/2022, 10:59:52",simulator,10000,linear_alternating,hnx,5,3,Sato21_Innerp,Sato21,HTest,50,['ry'],cz,rx,rzz,ryy,hadamards,True,False,False
9be7c940-4a2d-4720-bb64-7a923eb74913,['2fc28bb3-03fe-409d-b4d2-48ce18c33269'],"23/09/2022, 11:00:05",simulator,10000,linear_alternating,hnx,5,3,Sato21_Innerp,SatoLiu21,HTest,50,['ry'],cz,rx,rzz,ryy,hadamards,True,False,False
8ee12239-460f-4db2-85d3-de02b762bc91,['454e5832-3144-4c84-bbcf-d65b2386c006'],"23/09/2022, 11:00:12",simulator,10000,linear_alternating,hnx,5,3,Sato21_Nonnorm,Paulis,HTest,50,['ry'],cz,rx,rzz,ryy,hadamards,True,False,False
4cefde24-7e81-4275-9e65-259b42844e2b,['aeee7542-4f62-470f-bda0-b21fa8fae6e9'],"23/09/2022, 11:00:48",simulator,10000,linear_alternating,hnx,5,3,Sato21_Nonnorm,Sato21,HTest,50,['ry'],cz,rx,rzz,ryy,hadamards,True,False,False
34db871a-eb0b-402f-97ad-e2dcd909a9be,['413414d1-2ad6-4cdc-b375-6a5a82672674'],"23/09/2022, 11:01:01",simulator,10000,linear_alternating,hnx,5,3,Sato21_Nonnorm,SatoLiu21,HTest,50,['ry'],cz,rx,rzz,ryy,hadamards,True,False,False
075a8cd9-3737-4d7f-b14f-3d70103b1535,['632d76137fcd17e37973ca07'],"23/09/2022, 11:02:11",ibmq_ehningen,10,linear_alternating,hn,5,3,Sato21_Innerp,Sato21,HTest,50,['ry'],cz,rx,rzz,ryy,hadamards,True,False,False
595807c4-a697-4c13-940d-2abcac316c32,['632d7631f4e8261750cbb487'],"23/09/2022, 11:02:40",ibmq_ehningen,10,linear_alternating,hn,5,3,Sato21_Innerp,SatoLiu21,HTest,50,['ry'],cz,rx,rzz,ryy,hadamards,True,False,False
007357e2-686e-4a58-a42d-d8a13f5c70e2,['632d7674c59fb11526b078c1'],"23/09/2022, 11:03:48",ibmq_ehningen,10,linear_alternating,hn,5,3,Sato21_Nonnorm,Sato21,HTest,50,['ry'],cz,rx,rzz,ryy,hadamards,True,False,False
2af7846f-1c52-45eb-9311-d652b3ae193b,['632d76907fcd177ffe73ca08'],"23/09/2022, 11:04:16",ibmq_ehningen,10,linear_alternating,hn,5,3,Sato21_Nonnorm,SatoLiu21,HTest,50,['ry'],cz,rx,rzz,ryy,hadamards,True,False,False
dcef99e0-6f7b-4a74-8637-c673a52ac908,['632d76d56ebe09830ffb0ec8'],"23/09/2022, 11:05:25",ibmq_ehningen,10,linear_alternating,hnx,5,3,Sato21_Innerp,Sato21,HTest,50,['ry'],cz,rx,rzz,ryy,hadamards,True,False,False
6708b5d1-72fb-46ac-a0f7-e0c341aec357,['632d76f3c59fb1ea5db078c2'],"23/09/2022, 11:05:55",ibmq_ehningen,10,linear_alternating,hnx,5,3,Sato21_Innerp,SatoLiu21,HTest,50,['ry'],cz,rx,rzz,ryy,hadamards,True,False,False
5a778f07-4545-4bcc-bc05-7c664a279495,['632d77397fcd17939573ca09'],"23/09/2022, 11:07:05",ibmq_ehningen,10,linear_alternating,hnx,5,3,Sato21_Nonnorm,Sato21,HTest,50,['ry'],cz,rx,rzz,ryy,hadamards,True,False,False
3889d285-931b-4e2c-95ca-005fa3146cc8,['632d77547fcd17b94373ca0b'],"23/09/2022, 11:07:32",ibmq_ehningen,10,linear_alternating,hnx,5,3,Sato21_Nonnorm,SatoLiu21,HTest,50,['ry'],cz,rx,rzz,ryy,hadamards,True,False,False
c22d97c0-8071-4a5d-9597-16f2aedb5c1d,['632d779a6ebe09d3b7fb0ec9'],"23/09/2022, 11:08:42",ibmq_ehningen,100,linear_alternating,hn,5,3,Sato21_Innerp,Sato21,HTest,50,['ry'],cz,rx,rzz,ryy,hadamards,True,False,False
e68e559d-6276-4c6b-9678-8b19818af758,['632d77b5c59fb19b53b078c3'],"23/09/2022, 11:09:09",ibmq_ehningen,100,linear_alternating,hn,5,3,Sato21_Innerp,SatoLiu21,HTest,50,['ry'],cz,rx,rzz,ryy,hadamards,True,False,False
b9fd19a3-03b7-4866-ac7c-f32e528d1b41,['632d77f9c59fb12561b078c4'],"23/09/2022, 11:10:17",ibmq_ehningen,100,linear_alternating,hn,5,3,Sato21_Nonnorm,Sato21,HTest,50,['ry'],cz,rx,rzz,ryy,hadamards,True,False,False
0429df5b-9508-4417-9ae8-44c7575dbadb,['632d78157fcd17461373ca0d'],"23/09/2022, 11:10:45",ibmq_ehningen,100,linear_alternating,hn,5,3,Sato21_Nonnorm,SatoLiu21,HTest,50,['ry'],cz,rx,rzz,ryy,hadamards,True,False,False
1a0f13e7-631e-4959-a5c4-517339b49880,['632d78586ebe095d9bfb0ecb'],"23/09/2022, 11:11:52",ibmq_ehningen,100,linear_alternating,hnx,5,3,Sato21_Innerp,Sato21,HTest,50,['ry'],cz,rx,rzz,ryy,hadamards,True,False,False
e3c3a069-9f90-48a5-b3c8-7dbae2be190e,['632d7874f4e826f250cbb489'],"23/09/2022, 11:12:20",ibmq_ehningen,100,linear_alternating,hnx,5,3,Sato21_Innerp,SatoLiu21,HTest,50,['ry'],cz,rx,rzz,ryy,hadamards,True,False,False
a6adb2e2-7fa7-4e2f-a5fc-9309fd727f3a,['632d78baf4e82692afcbb48a'],"23/09/2022, 11:13:29",ibmq_ehningen,100,linear_alternating,hnx,5,3,Sato21_Nonnorm,Sato21,HTest,50,['ry'],cz,rx,rzz,ryy,hadamards,True,False,False
2b27967c-d74a-4739-9b9e-148d418a1f28,['632d78d67fcd1784df73ca0e'],"23/09/2022, 11:13:58",ibmq_ehningen,100,linear_alternating,hnx,5,3,Sato21_Nonnorm,SatoLiu21,HTest,50,['ry'],cz,rx,rzz,ryy,hadamards,True,False,False
28f9179d-e719-4607-933d-685426719a8c,['632d791a7fcd17d01373ca0f'],"23/09/2022, 11:15:06",ibmq_ehningen,1000,linear_alternating,hn,5,3,Sato21_Innerp,Sato21,HTest,50,['ry'],cz,rx,rzz,ryy,hadamards,True,False,False
07680211-2e48-4105-9950-5124bf0e4232,['632d79356ebe09178dfb0ecc'],"23/09/2022, 11:15:33",ibmq_ehningen,1000,linear_alternating,hn,5,3,Sato21_Innerp,SatoLiu21,HTest,50,['ry'],cz,rx,rzz,ryy,hadamards,True,False,False
2cd680ba-3002-4ac6-8986-950617f891db,['632d797b7fcd173c7273ca10'],"23/09/2022, 11:16:43",ibmq_ehningen,1000,linear_alternating,hn,5,3,Sato21_Nonnorm,Sato21,HTest,50,['ry'],cz,rx,rzz,ryy,hadamards,True,False,False
4d3da709-be32-47b6-88da-e09526ad55e4,['632d79987fcd17d42d73ca11'],"23/09/2022, 11:17:12",ibmq_ehningen,1000,linear_alternating,hn,5,3,Sato21_Nonnorm,SatoLiu21,HTest,50,['ry'],cz,rx,rzz,ryy,hadamards,True,False,False
34be3725-e5a5-4ae4-9642-710027678ca1,['632d79df7fcd1749b673ca12'],"23/09/2022, 11:18:23",ibmq_ehningen,1000,linear_alternating,hnx,5,3,Sato21_Innerp,Sato21,HTest,50,['ry'],cz,rx,rzz,ryy,hadamards,True,False,False
83a3bc34-4435-451e-b59c-14183c21f2a4,['632d79fac59fb1dd54b078c6'],"23/09/2022, 11:18:50",ibmq_ehningen,1000,linear_alternating,hnx,5,3,Sato21_Innerp,SatoLiu21,HTest,50,['ry'],cz,rx,rzz,ryy,hadamards,True,False,False
1d2b194e-e62e-42ff-aad7-16d91abdcdab,['632d7a41c59fb1367db078c7'],"23/09/2022, 11:20:01",ibmq_ehningen,1000,linear_alternating,hnx,5,3,Sato21_Nonnorm,Sato21,HTest,50,['ry'],cz,rx,rzz,ryy,hadamards,True,False,False
7684a65b-3894-451b-886d-6494767204ad,['632d7a5e6ebe09091efb0ece'],"23/09/2022, 11:20:30",ibmq_ehningen,1000,linear_alternating,hnx,5,3,Sato21_Nonnorm,SatoLiu21,HTest,50,['ry'],cz,rx,rzz,ryy,hadamards,True,False,False
ffa1fbed-9027-4260-916e-469c9e38d8a1,['632d7aa26ebe09a804fb0ecf'],"23/09/2022, 11:21:38",ibmq_ehningen,10000,linear_alternating,hn,5,3,Sato21_Innerp,Sato21,HTest,50,['ry'],cz,rx,rzz,ryy,hadamards,True,False,False
6a0bfcd2-64e2-4667-9c88-f6df4b05fc00,['632d7abef4e8264c34cbb48c'],"23/09/2022, 11:22:06",ibmq_ehningen,10000,linear_alternating,hn,5,3,Sato21_Innerp,SatoLiu21,HTest,50,['ry'],cz,rx,rzz,ryy,hadamards,True,False,False
72bbb77e-1038-4fab-b30f-72c8f532e47e,['632d7b01c59fb11cbdb078c8'],"23/09/2022, 11:23:13",ibmq_ehningen,10000,linear_alternating,hn,5,3,Sato21_Nonnorm,Sato21,HTest,50,['ry'],cz,rx,rzz,ryy,hadamards,True,False,False
5eafe63b-5c47-49b3-8bbe-99a8f7e1e9fe,['632d7b1d7fcd17ec0b73ca14'],"23/09/2022, 11:23:41",ibmq_ehningen,10000,linear_alternating,hn,5,3,Sato21_Nonnorm,SatoLiu21,HTest,50,['ry'],cz,rx,rzz,ryy,hadamards,True,False,False
f67baef8-3153-4ce8-b4ff-39fbbc392732,['632d7b60f4e8260fd3cbb48d'],"23/09/2022, 11:24:48",ibmq_ehningen,10000,linear_alternating,hnx,5,3,Sato21_Innerp,Sato21,HTest,50,['ry'],cz,rx,rzz,ryy,hadamards,True,False,False
dc2784d8-2761-48ad-9e38-e300bb2541fb,['632d7b7dc59fb1c89cb078c9'],"23/09/2022, 11:25:17",ibmq_ehningen,10000,linear_alternating,hnx,5,3,Sato21_Innerp,SatoLiu21,HTest,50,['ry'],cz,rx,rzz,ryy,hadamards,True,False,False
342157dd-bb14-465d-9783-2a883a6b7d17,['632d7bc16ebe093238fb0ed0'],"23/09/2022, 11:26:25",ibmq_ehningen,10000,linear_alternating,hnx,5,3,Sato21_Nonnorm,Sato21,HTest,50,['ry'],cz,rx,rzz,ryy,hadamards,True,False,False
b892cd5a-40b1-4934-995e-fba5394ff4b5,['632d7bdf7fcd17866d73ca16'],"23/09/2022, 11:26:55",ibmq_ehningen,10000,linear_alternating,hnx,5,3,Sato21_Nonnorm,SatoLiu21,HTest,50,['ry'],cz,rx,rzz,ryy,hadamards,True,False,False
8b93e205-7dc1-43fa-b937-07519141587c,['c073fa82-6cca-4d4b-a54e-266732da6f4a'],"26/09/2022, 18:39:04",simulator,1000,linear_alternating,hn,5,3,Sato21_Innerp,Paulis,HTest,50,['ry'],cz,rx,rzz,ryy,hadamards,True,False,False
818ba39c-fed2-467c-ae0f-662fe5bf7108,['e7475e75-256e-442e-8110-686951a38e0b'],"27/09/2022, 11:06:15",simulator,1000,linear_alternating,hn,5,3,Sato21_Innerp,Sato21,HTest,50,['ry'],cz,rx,rzz,ryy,hadamards,True,False,False
79fd5a14-5734-4435-86cc-bf3cdcedde94,['738dcd5d-b173-4c98-9665-d628e1fbd9d9'],"27/09/2022, 11:06:19",simulator,1000,linear_alternating,hn,5,3,Sato21_Nonnorm,Sato21,HTest,50,['ry'],cz,rx,rzz,ryy,hadamards,True,False,False
377e4fa3-1544-4fab-ac73-cf52f9ece2a5,['c1a60e3f-089d-4761-91de-060d7fa55676'],"27/09/2022, 11:37:06",simulator,10,linear_alternating,hn,5,3,Sato21_Innerp,Sato21,HTest,50,['ry'],cz,rx,rzz,ryy,hadamards,True,False,False
a9c28a57-b71a-43f8-b25c-cc750191c5ca,['c723aad1-9f92-47c0-beb4-a35bf758fbf9'],"27/09/2022, 11:37:10",simulator,10,linear_alternating,hn,5,3,Sato21_Innerp,SatoLiu21,HTest,50,['ry'],cz,rx,rzz,ryy,hadamards,True,False,False
60d3988c-7f44-409c-b6e6-c0147c039e4a,['38988179-0cb2-43f0-b24a-6b56bb9d5314'],"27/09/2022, 11:37:13",simulator,10,linear_alternating,hn,5,3,Sato21_Nonnorm,Sato21,HTest,50,['ry'],cz,rx,rzz,ryy,hadamards,True,False,False
5681f76b-4d9a-41d6-b732-6c0cfa3f9640,['7aa4a093-5420-49de-829e-120c08d95d77'],"27/09/2022, 11:37:17",simulator,10,linear_alternating,hn,5,3,Sato21_Nonnorm,SatoLiu21,HTest,50,['ry'],cz,rx,rzz,ryy,hadamards,True,False,False
2211a99d-217d-48c2-8152-a02fae20404c,['da7244b3-ca71-40ea-9b9e-33cbfa9e5ba9'],"27/09/2022, 11:37:20",simulator,100,linear_alternating,hn,5,3,Sato21_Innerp,Sato21,HTest,50,['ry'],cz,rx,rzz,ryy,hadamards,True,False,False
5390bf9c-ee0a-4310-bfc1-2b5df45efa55,['26e1e31e-1edd-403a-bef8-120fbdef2e66'],"27/09/2022, 11:37:24",simulator,100,linear_alternating,hn,5,3,Sato21_Innerp,SatoLiu21,HTest,50,['ry'],cz,rx,rzz,ryy,hadamards,True,False,False
46af501e-7ff1-497e-a967-c9700b54fe9c,['e9e623e8-8308-477b-a6d0-4106bbe48993'],"27/09/2022, 11:37:27",simulator,100,linear_alternating,hn,5,3,Sato21_Nonnorm,Sato21,HTest,50,['ry'],cz,rx,rzz,ryy,hadamards,True,False,False
8afc99b3-ff9d-4c0c-a399-9e5d0be00c1e,['f61683e2-fc9b-4087-8eab-ea20d72824f6'],"27/09/2022, 11:37:31",simulator,100,linear_alternating,hn,5,3,Sato21_Nonnorm,SatoLiu21,HTest,50,['ry'],cz,rx,rzz,ryy,hadamards,True,False,False
b26c369c-1dc8-4044-9b3c-591682443f25,['6410279b-29ea-427d-bfd6-e096df9cac2f'],"27/09/2022, 11:37:34",simulator,1000,linear_alternating,hn,5,3,Sato21_Innerp,Sato21,HTest,50,['ry'],cz,rx,rzz,ryy,hadamards,True,False,False
12f0d4ee-26e2-489a-ba44-cbe5e30332c6,['632d1bd8-2540-46f2-8aee-b793acefd425'],"27/09/2022, 11:37:39",simulator,1000,linear_alternating,hn,5,3,Sato21_Innerp,SatoLiu21,HTest,50,['ry'],cz,rx,rzz,ryy,hadamards,True,False,False
5d67db32-fa44-4ff1-9620-5eda53f48ca3,['72c6a712-456d-412b-8dfb-7331f20f492d'],"27/09/2022, 11:37:42",simulator,1000,linear_alternating,hn,5,3,Sato21_Nonnorm,Sato21,HTest,50,['ry'],cz,rx,rzz,ryy,hadamards,True,False,False
33b82268-e96b-48ea-84de-69f30d2a9c91,['eccab6a2-13b3-485e-b398-da340a88d95d'],"27/09/2022, 11:37:47",simulator,1000,linear_alternating,hn,5,3,Sato21_Nonnorm,SatoLiu21,HTest,50,['ry'],cz,rx,rzz,ryy,hadamards,True,False,False
aab9f339-95df-4fcd-982b-2c1b20d087ea,['ad228862-874b-4c20-aee8-465ead4e016a'],"27/09/2022, 11:37:53",simulator,10000,linear_alternating,hn,5,3,Sato21_Innerp,Sato21,HTest,50,['ry'],cz,rx,rzz,ryy,hadamards,True,False,False
3b620a97-6593-498d-92c0-f5d1cdc641ab,['8d0b6ed1-f041-4f93-8c56-865749193e30'],"27/09/2022, 11:38:05",simulator,10000,linear_alternating,hn,5,3,Sato21_Innerp,SatoLiu21,HTest,50,['ry'],cz,rx,rzz,ryy,hadamards,True,False,False
82e9aadb-ddfc-470e-b9d7-a62ee3640d58,['a747662c-4bf3-4d8d-885f-ba3635776147'],"27/09/2022, 11:38:11",simulator,10000,linear_alternating,hn,5,3,Sato21_Nonnorm,Sato21,HTest,50,['ry'],cz,rx,rzz,ryy,hadamards,True,False,False
4df84b2e-f24d-4e08-831b-c863c308959b,['acb533ea-cce7-45fe-b254-bf5a38c0118e'],"27/09/2022, 11:38:23",simulator,10000,linear_alternating,hn,5,3,Sato21_Nonnorm,SatoLiu21,HTest,50,['ry'],cz,rx,rzz,ryy,hadamards,True,False,False
d4879619-6c8b-416c-a037-dd9e0b498b78,['370c72a3-1719-4dff-9b0c-1fa55b7e9f39'],"27/09/2022, 11:38:57",simulator,100000,linear_alternating,hn,5,3,Sato21_Innerp,Sato21,HTest,50,['ry'],cz,rx,rzz,ryy,hadamards,True,False,False
4e11f88e-658c-404d-9732-4efc0d0a6a32,['1d557ae1-728c-4963-9b40-ce1b39c86cab'],"27/09/2022, 11:39:01",simulator,100000,linear_alternating,hn,5,3,Sato21_Innerp,SatoLiu21,HTest,50,['ry'],cz,rx,rzz,ryy,hadamards,True,False,False
ee5bda22-1fe7-41db-8f7b-794bd489342e,['c3ca6b8e-5744-4705-ab54-fd5ea117dfe9'],"27/09/2022, 11:40:57",simulator,100000,linear_alternating,hn,5,3,Sato21_Nonnorm,Sato21,HTest,50,['ry'],cz,rx,rzz,ryy,hadamards,True,False,False
e6be4b38-8722-46be-9a9c-2eed25bdc8df,['7365b657-3e43-439c-a151-df0e004df88c'],"27/09/2022, 11:42:21",simulator,100000,linear_alternating,hn,5,3,Sato21_Nonnorm,SatoLiu21,HTest,50,['ry'],cz,rx,rzz,ryy,hadamards,True,False,False
f9eff29f-81a2-4b97-9cfb-d6d53f2691da,['6332c5a76ebe0953b9fb11f5'],"27/09/2022, 11:43:03",ibmq_ehningen,10,linear_alternating,hn,5,3,Sato21_Innerp,Sato21,HTest,50,['ry'],cz,rx,rzz,ryy,hadamards,True,False,False
f0c95019-99ec-4493-ac05-b69158022806,['6332c5c36ebe09ee9efb11fb'],"27/09/2022, 11:43:31",ibmq_ehningen,10,linear_alternating,hn,5,3,Sato21_Innerp,SatoLiu21,HTest,50,['ry'],cz,rx,rzz,ryy,hadamards,True,False,False
f123861f-29b9-4cf4-ae01-703e81d8e619,['6332c5d86ebe09f775fb11fd'],"27/09/2022, 11:43:52",ibmq_ehningen,10,linear_alternating,hn,5,3,Sato21_Nonnorm,Sato21,HTest,50,['ry'],cz,rx,rzz,ryy,hadamards,True,False,False
05b3a449-bfa3-463b-9d07-ea5cf27ad13e,['6332c5f2f4e8260497cbb75f'],"27/09/2022, 11:44:18",ibmq_ehningen,10,linear_alternating,hn,5,3,Sato21_Nonnorm,SatoLiu21,HTest,50,['ry'],cz,rx,rzz,ryy,hadamards,True,False,False
2c734b72-c4aa-4f09-8684-151947bddd28,['6332c6077fcd17ab7773ccfb'],"27/09/2022, 11:44:39",ibmq_ehningen,100,linear_alternating,hn,5,3,Sato21_Innerp,Sato21,HTest,50,['ry'],cz,rx,rzz,ryy,hadamards,True,False,False
ba768b4b-ce73-4e43-9a7a-b52158466c37,['6332c6217fcd17542a73ccfd'],"27/09/2022, 11:45:05",ibmq_ehningen,100,linear_alternating,hn,5,3,Sato21_Innerp,SatoLiu21,HTest,50,['ry'],cz,rx,rzz,ryy,hadamards,True,False,False
aaf58757-5e49-4601-b871-e6a43b008dfc,['6332c6387fcd17755373cd00'],"27/09/2022, 11:45:28",ibmq_ehningen,100,linear_alternating,hn,5,3,Sato21_Nonnorm,Sato21,HTest,50,['ry'],cz,rx,rzz,ryy,hadamards,True,False,False
2c0dc6a1-b40e-4a4c-8165-8788b6c87ee4,['6332c6537fcd179b4a73cd02'],"27/09/2022, 11:45:55",ibmq_ehningen,100,linear_alternating,hn,5,3,Sato21_Nonnorm,SatoLiu21,HTest,50,['ry'],cz,rx,rzz,ryy,hadamards,True,False,False
f5f3c1e7-ed9a-4972-8ce8-aaa40c59f6b2,['6332c66ac59fb14c35b07b87'],"27/09/2022, 11:46:18",ibmq_ehningen,1000,linear_alternating,hn,5,3,Sato21_Innerp,Sato21,HTest,50,['ry'],cz,rx,rzz,ryy,hadamards,True,False,False
f1af6475-dd40-4394-8b33-da69ded054be,['6332c685c59fb116a2b07b8c'],"27/09/2022, 11:46:45",ibmq_ehningen,1000,linear_alternating,hn,5,3,Sato21_Innerp,SatoLiu21,HTest,50,['ry'],cz,rx,rzz,ryy,hadamards,True,False,False
f41782cb-43e5-42d1-a6fd-4c464ab92a33,['6332c69b7fcd1752dc73cd07'],"27/09/2022, 11:47:07",ibmq_ehningen,1000,linear_alternating,hn,5,3,Sato21_Nonnorm,Sato21,HTest,50,['ry'],cz,rx,rzz,ryy,hadamards,True,False,False
fa17029d-5139-4bac-8fcb-9ec569a0cebc,['6332c6b76ebe09cf46fb1210'],"27/09/2022, 11:47:35",ibmq_ehningen,1000,linear_alternating,hn,5,3,Sato21_Nonnorm,SatoLiu21,HTest,50,['ry'],cz,rx,rzz,ryy,hadamards,True,False,False
55afbc6e-16b1-4a51-8a51-c8a852ccc181,['6332c6ce6ebe094a17fb1211'],"27/09/2022, 11:47:58",ibmq_ehningen,10000,linear_alternating,hn,5,3,Sato21_Innerp,Sato21,HTest,50,['ry'],cz,rx,rzz,ryy,hadamards,True,False,False
2b6be5bf-447d-4511-b861-526e28c8cb03,['6332c6e8c59fb1d96eb07b90'],"27/09/2022, 11:48:24",ibmq_ehningen,10000,linear_alternating,hn,5,3,Sato21_Innerp,SatoLiu21,HTest,50,['ry'],cz,rx,rzz,ryy,hadamards,True,False,False
7e4ab656-01ce-4e5b-ad27-5eb6bfe4a86e,['6332c6fe7fcd176fea73cd0d'],"27/09/2022, 11:48:46",ibmq_ehningen,10000,linear_alternating,hn,5,3,Sato21_Nonnorm,Sato21,HTest,50,['ry'],cz,rx,rzz,ryy,hadamards,True,False,False
8a0e97fe-ae96-411d-bf7f-0db9c7f9a818,['6332c71bc59fb1a97eb07b91'],"27/09/2022, 11:49:15",ibmq_ehningen,10000,linear_alternating,hn,5,3,Sato21_Nonnorm,SatoLiu21,HTest,50,['ry'],cz,rx,rzz,ryy,hadamards,True,False,False
379b322f-290e-4b10-b986-3c0e2c610141,['6332c7327fcd170fd473cd0f'],"27/09/2022, 11:49:38",ibmq_ehningen,100000,linear_alternating,hn,5,3,Sato21_Innerp,Sato21,HTest,50,['ry'],cz,rx,rzz,ryy,hadamards,True,False,False
33fd7a2e-892e-48f6-8d30-2ea48f4f3578,['6332c74bf4e826232bcbb76f'],"27/09/2022, 11:50:03",ibmq_ehningen,100000,linear_alternating,hn,5,3,Sato21_Innerp,SatoLiu21,HTest,50,['ry'],cz,rx,rzz,ryy,hadamards,True,False,False
35cefe81-18e9-4695-b3c2-1f303b11ff44,['6332c762c59fb17cdab07b92'],"27/09/2022, 11:50:26",ibmq_ehningen,100000,linear_alternating,hn,5,3,Sato21_Nonnorm,Sato21,HTest,50,['ry'],cz,rx,rzz,ryy,hadamards,True,False,False
78c8dba1-da2d-4e4b-9cb7-ac80a75941e0,['6332c77c6ebe098c9cfb1212'],"27/09/2022, 11:50:52",ibmq_ehningen,100000,linear_alternating,hn,5,3,Sato21_Nonnorm,SatoLiu21,HTest,50,['ry'],cz,rx,rzz,ryy,hadamards,True,False,False
d142e67a-6fe1-4582-afe2-dda75f084ac8,['6fab90ee-2c0f-495e-8410-666616312360'],"27/09/2022, 12:03:01",simulator,10,linear_alternating,hn,5,3,Sato21_Overlap,SatoLiu21,Overlap,50,['ry'],cz,rx,rzz,ryy,hadamards,True,False,False
ec6b8f97-33c8-492f-8bf0-78161def9d6b,['d0e56553-d20b-4442-8f71-4ff2a3a63a4e'],"27/09/2022, 12:03:04",simulator,100,linear_alternating,hn,5,3,Sato21_Overlap,SatoLiu21,Overlap,50,['ry'],cz,rx,rzz,ryy,hadamards,True,False,False
541d5dcb-12bc-4354-a1bb-b1f684110457,['f3e5aff5-c188-4355-85a0-25be3e4cefca'],"27/09/2022, 12:03:09",simulator,1000,linear_alternating,hn,5,3,Sato21_Overlap,SatoLiu21,Overlap,50,['ry'],cz,rx,rzz,ryy,hadamards,True,False,False
33e53444-693b-4263-893b-19db132255fc,['95e9af1a-6124-4291-ade2-6bbc5650c755'],"27/09/2022, 12:03:21",simulator,10000,linear_alternating,hn,5,3,Sato21_Overlap,SatoLiu21,Overlap,50,['ry'],cz,rx,rzz,ryy,hadamards,True,False,False
b39a861b-1eec-4646-a31f-a243aff2f53f,['aa986c32-160c-4d79-9b98-69b46655e17e'],"27/09/2022, 12:04:52",simulator,100000,linear_alternating,hn,5,3,Sato21_Overlap,SatoLiu21,Overlap,50,['ry'],cz,rx,rzz,ryy,hadamards,True,False,False
048903cf-fc30-4d22-98df-795e61745684,['6332caedc59fb18556b07b95'],"27/09/2022, 12:05:32",ibmq_ehningen,10,linear_alternating,hn,5,3,Sato21_Overlap,SatoLiu21,Overlap,50,['ry'],cz,rx,rzz,ryy,hadamards,True,False,False
223f63d3-b7fd-486b-a718-f8c007241fe0,['6332cb006ebe093f49fb1214'],"27/09/2022, 12:05:52",ibmq_ehningen,100,linear_alternating,hn,5,3,Sato21_Overlap,SatoLiu21,Overlap,50,['ry'],cz,rx,rzz,ryy,hadamards,True,False,False
5b52a5dd-1cbd-4f7a-b644-e90cdb531a67,['6332cb147fcd17570873cd10'],"27/09/2022, 12:06:12",ibmq_ehningen,1000,linear_alternating,hn,5,3,Sato21_Overlap,SatoLiu21,Overlap,50,['ry'],cz,rx,rzz,ryy,hadamards,True,False,False
0ea6cf68-8328-4a7d-b9e0-9909414daa2b,['6332cb277fcd17787073cd11'],"27/09/2022, 12:06:31",ibmq_ehningen,10000,linear_alternating,hn,5,3,Sato21_Overlap,SatoLiu21,Overlap,50,['ry'],cz,rx,rzz,ryy,hadamards,True,False,False
c4821702-33c3-4b15-a58d-1b192a916864,['6332cb3a6ebe09fd15fb1215'],"27/09/2022, 12:06:50",ibmq_ehningen,100000,linear_alternating,hn,5,3,Sato21_Overlap,SatoLiu21,Overlap,50,['ry'],cz,rx,rzz,ryy,hadamards,True,False,False
8933ed1e-932e-4002-a38f-2c79488653d9,['208d5357-dc76-45e4-afab-fbac118f3575'],"27/09/2022, 12:13:54",simulator,10,linear_alternating,hn,5,3,Sato21_Innerp,SatoLiu21,HTest,17,['ry'],cz,rx,rzz,ryy,hadamards,True,False,False
29afac20-556e-40dd-bee1-01f22a401d25,['72d42460-db9e-4107-bd04-44a956b64332'],"27/09/2022, 12:13:58",simulator,10,linear_alternating,hn,5,3,Sato21_Nonnorm,SatoLiu21,HTest,17,['ry'],cz,rx,rzz,ryy,hadamards,True,False,False
1865a993-a3aa-4c28-84c1-af147a1960ac,['e1d90be1-32a8-47ba-81af-0bcaea0a1f01'],"27/09/2022, 12:14:01",simulator,100,linear_alternating,hn,5,3,Sato21_Innerp,SatoLiu21,HTest,17,['ry'],cz,rx,rzz,ryy,hadamards,True,False,False
973d3f07-067a-4ad5-aba7-2171c6d3c776,['d61bb771-d355-40fe-b04b-21592398eb7d'],"27/09/2022, 12:14:04",simulator,100,linear_alternating,hn,5,3,Sato21_Nonnorm,SatoLiu21,HTest,17,['ry'],cz,rx,rzz,ryy,hadamards,True,False,False
9a998994-5ca9-442f-8cd6-cf306dad15c9,['b95a904a-2017-4283-97ce-aca8a4d96003'],"27/09/2022, 12:14:07",simulator,1000,linear_alternating,hn,5,3,Sato21_Innerp,SatoLiu21,HTest,17,['ry'],cz,rx,rzz,ryy,hadamards,True,False,False
c1721e53-9601-4039-9924-5bb0e5c84982,['668e3413-9fc1-4313-be0d-88fe1a3e9641'],"27/09/2022, 12:14:10",simulator,1000,linear_alternating,hn,5,3,Sato21_Nonnorm,SatoLiu21,HTest,17,['ry'],cz,rx,rzz,ryy,hadamards,True,False,False
71c2e155-63cf-4db8-ad51-c86aa6df4029,['ed8a31af-f8ca-4d42-8283-fc122fbb4c3b'],"27/09/2022, 12:14:16",simulator,10000,linear_alternating,hn,5,3,Sato21_Innerp,SatoLiu21,HTest,17,['ry'],cz,rx,rzz,ryy,hadamards,True,False,False
f22cf5dc-ee8a-4210-88e4-37dda207cb6e,['e66ab026-1989-4435-bd7b-bc23bb4bae86'],"27/09/2022, 12:14:21",simulator,10000,linear_alternating,hn,5,3,Sato21_Nonnorm,SatoLiu21,HTest,17,['ry'],cz,rx,rzz,ryy,hadamards,True,False,False
0de22602-79cc-4e29-83fb-eb3372cec1af,['34397b2f-372b-4349-9f02-4f20eced8ff8'],"27/09/2022, 12:14:53",simulator,100000,linear_alternating,hn,5,3,Sato21_Innerp,SatoLiu21,HTest,17,['ry'],cz,rx,rzz,ryy,hadamards,True,False,False
edc1f75b-122e-4827-a7f7-81aefe40c8b1,['89383889-5e25-48be-ad9f-c1b46a7e8fce'],"27/09/2022, 12:15:23",simulator,100000,linear_alternating,hn,5,3,Sato21_Nonnorm,SatoLiu21,HTest,17,['ry'],cz,rx,rzz,ryy,hadamards,True,False,False
1b4ff617-a535-4bb6-8264-468b8dc77f05,['6332cd75c59fb129a8b07b97'],"27/09/2022, 12:16:21",ibmq_ehningen,10,linear_alternating,hn,5,3,Sato21_Innerp,SatoLiu21,HTest,17,['ry'],cz,rx,rzz,ryy,hadamards,True,False,False
ded26551-7f8f-4bf0-ab1c-22f291e62ec4,['6332cd95f4e82638a7cbb773'],"27/09/2022, 12:16:53",ibmq_ehningen,10,linear_alternating,hn,5,3,Sato21_Nonnorm,SatoLiu21,HTest,17,['ry'],cz,rx,rzz,ryy,hadamards,True,False,False
6dcfd764-ce8c-4477-9757-ac1274b03e27,['6332cdb9c59fb1229eb07b98'],"27/09/2022, 12:17:29",ibmq_ehningen,100,linear_alternating,hn,5,3,Sato21_Innerp,SatoLiu21,HTest,17,['ry'],cz,rx,rzz,ryy,hadamards,True,False,False
2528bd87-5e82-46e0-867a-f4c0404bfeec,['6332cdd4f4e82633a7cbb775'],"27/09/2022, 12:17:56",ibmq_ehningen,100,linear_alternating,hn,5,3,Sato21_Nonnorm,SatoLiu21,HTest,17,['ry'],cz,rx,rzz,ryy,hadamards,True,False,False
848d6148-6e07-4a9f-93f7-4bce1f370187,['6332cdf5c59fb1099db07b99'],"27/09/2022, 12:18:29",ibmq_ehningen,1000,linear_alternating,hn,5,3,Sato21_Innerp,SatoLiu21,HTest,17,['ry'],cz,rx,rzz,ryy,hadamards,True,False,False
7dc8f224-611f-4a8f-843e-c7a88e58cc98,['6332ce197fcd17c8f273cd12'],"27/09/2022, 12:19:05",ibmq_ehningen,1000,linear_alternating,hn,5,3,Sato21_Nonnorm,SatoLiu21,HTest,17,['ry'],cz,rx,rzz,ryy,hadamards,True,False,False
30020324-0638-4733-8abb-5a4729bcfdca,['6332ce40c59fb19ffab07b9a'],"27/09/2022, 12:19:44",ibmq_ehningen,10000,linear_alternating,hn,5,3,Sato21_Innerp,SatoLiu21,HTest,17,['ry'],cz,rx,rzz,ryy,hadamards,True,False,False
2a158e86-b878-414c-ab2f-9e78c39550d3,['6332ce5bf4e826c824cbb776'],"27/09/2022, 12:20:11",ibmq_ehningen,10000,linear_alternating,hn,5,3,Sato21_Nonnorm,SatoLiu21,HTest,17,['ry'],cz,rx,rzz,ryy,hadamards,True,False,False
4fc42fbe-33a2-4aca-b4aa-ec5656ac61e7,['6332ce73f4e8262141cbb777'],"27/09/2022, 12:20:35",ibmq_ehningen,100000,linear_alternating,hn,5,3,Sato21_Innerp,SatoLiu21,HTest,17,['ry'],cz,rx,rzz,ryy,hadamards,True,False,False
f52c394f-d280-4289-bbff-a60d4b420e41,['6332ce8a7fcd17a2d673cd13'],"27/09/2022, 12:20:58",ibmq_ehningen,100000,linear_alternating,hn,5,3,Sato21_Nonnorm,SatoLiu21,HTest,17,['ry'],cz,rx,rzz,ryy,hadamards,True,False,False
4eeee35d-809e-4afb-b0ec-b0597a00eda8,['b6f8906e-2758-4e58-b121-f523be2e8aa1'],"27/09/2022, 12:26:50",simulator,1000,linear_alternating,hn,5,3,Sato21_Innerp,SatoLiu21,HTest,17,['ry'],cz,rx,rzz,ryy,hadamards,True,False,False
1e99a2cb-d971-472f-9ca6-b6377ab011e9,['fa049555-b044-4456-8341-701acdbb19b9'],"27/09/2022, 12:26:53",simulator,1000,linear_alternating,hn,5,3,Sato21_Nonnorm,SatoLiu21,HTest,17,['ry'],cz,rx,rzz,ryy,hadamards,True,False,False
94e26f65-b076-4756-ab9f-97a114e04ede,['3ec2884f-f796-47ca-af1b-0ec1919616d3'],"27/09/2022, 12:28:08",simulator,10,linear_alternating,hn,5,3,Sato21_Innerp,Paulis,HTest,17,['ry'],cz,rx,rzz,ryy,hadamards,True,False,False
a37a12dd-7bce-444f-b8c8-eec706f25c87,['43f4c80c-6aef-464c-9fab-165628f0d39a'],"27/09/2022, 12:28:13",simulator,10,linear_alternating,hn,5,3,Sato21_Nonnorm,Paulis,HTest,17,['ry'],cz,rx,rzz,ryy,hadamards,True,False,False
0e071941-f010-4684-a598-a2a41280813e,['593f77e6-859f-4e6b-81b4-0ac5cfc0b682'],"27/09/2022, 12:28:18",simulator,100,linear_alternating,hn,5,3,Sato21_Innerp,Paulis,HTest,17,['ry'],cz,rx,rzz,ryy,hadamards,True,False,False
e73fb11c-cfe8-43e2-9d95-bce69840819b,['16efde0f-886c-4b9c-849d-9e49a4677425'],"27/09/2022, 12:28:22",simulator,100,linear_alternating,hn,5,3,Sato21_Nonnorm,Paulis,HTest,17,['ry'],cz,rx,rzz,ryy,hadamards,True,False,False
dfd717e8-f49e-4d88-b350-4718b6a3b735,['cef19325-676d-477c-81f4-38135c62ea2a'],"27/09/2022, 12:28:26",simulator,1000,linear_alternating,hn,5,3,Sato21_Innerp,Paulis,HTest,17,['ry'],cz,rx,rzz,ryy,hadamards,True,False,False
0a5159ee-0102-4f0a-bfb4-21f13fd32cdd,['24503b30-4787-4c0a-859a-83854d0425c8'],"27/09/2022, 12:28:33",simulator,1000,linear_alternating,hn,5,3,Sato21_Nonnorm,Paulis,HTest,17,['ry'],cz,rx,rzz,ryy,hadamards,True,False,False
638f8028-081d-4557-b3a7-9aa722b911e8,['26c7beba-ced9-4de3-9878-17c5d533105f'],"27/09/2022, 12:28:37",simulator,10000,linear_alternating,hn,5,3,Sato21_Innerp,Paulis,HTest,17,['ry'],cz,rx,rzz,ryy,hadamards,True,False,False
c782f30a-40c4-4be8-a4b9-1905d253dd1e,['898cc4a3-6f4f-49ca-90f3-cd1d0d201006'],"27/09/2022, 12:28:50",simulator,10000,linear_alternating,hn,5,3,Sato21_Nonnorm,Paulis,HTest,17,['ry'],cz,rx,rzz,ryy,hadamards,True,False,False
b923fe4b-0772-4d36-b2ce-064086cb84a9,['935fe811-18fd-4141-a0b6-4a2d24368dc2'],"27/09/2022, 12:30:25",simulator,100000,linear_alternating,hn,5,3,Sato21_Innerp,Paulis,HTest,17,['ry'],cz,rx,rzz,ryy,hadamards,True,False,False
74ce49d5-6ec9-4aa7-bdf2-ef9ec58f0350,['741f5475-9532-43a3-833f-c8be7ecff51e'],"27/09/2022, 12:31:51",simulator,100000,linear_alternating,hn,5,3,Sato21_Nonnorm,Paulis,HTest,17,['ry'],cz,rx,rzz,ryy,hadamards,True,False,False
278de957-56d3-42fd-87be-419ba588a1a2,['6332d1587fcd171e4e73cd16'],"27/09/2022, 12:32:56",ibmq_ehningen,10,linear_alternating,hn,5,3,Sato21_Innerp,Paulis,HTest,17,['ry'],cz,rx,rzz,ryy,hadamards,True,False,False
ffe41fdf-a26c-4531-8a73-9cbfe6015a0b,['6332d1856ebe093d08fb1218'],"27/09/2022, 12:33:41",ibmq_ehningen,10,linear_alternating,hn,5,3,Sato21_Nonnorm,Paulis,HTest,17,['ry'],cz,rx,rzz,ryy,hadamards,True,False,False
bf8147e8-067d-41f3-83d6-4c8c030093a7,['6332d1b2c59fb11fd7b07b9c'],"27/09/2022, 12:34:26",ibmq_ehningen,100,linear_alternating,hn,5,3,Sato21_Innerp,Paulis,HTest,17,['ry'],cz,rx,rzz,ryy,hadamards,True,False,False
e642ae82-76d7-4100-9648-ace44d4ee680,['6332d1dec59fb1c17bb07b9d'],"27/09/2022, 12:35:10",ibmq_ehningen,100,linear_alternating,hn,5,3,Sato21_Nonnorm,Paulis,HTest,17,['ry'],cz,rx,rzz,ryy,hadamards,True,False,False
74304389-5a2b-4107-a217-2339727c2973,['6332d20b7fcd17f69873cd17'],"27/09/2022, 12:35:55",ibmq_ehningen,1000,linear_alternating,hn,5,3,Sato21_Innerp,Paulis,HTest,17,['ry'],cz,rx,rzz,ryy,hadamards,True,False,False
8ab31661-b3a1-4cb4-a5fd-5cc25cb6b2c9,['6332d2397fcd17c8e873cd18'],"27/09/2022, 12:36:41",ibmq_ehningen,1000,linear_alternating,hn,5,3,Sato21_Nonnorm,Paulis,HTest,17,['ry'],cz,rx,rzz,ryy,hadamards,True,False,False
8c19158e-8b16-4c99-9086-d1472909456a,['6332d2677fcd17796173cd19'],"27/09/2022, 12:37:27",ibmq_ehningen,10000,linear_alternating,hn,5,3,Sato21_Innerp,Paulis,HTest,17,['ry'],cz,rx,rzz,ryy,hadamards,True,False,False
2ae42ab8-34a1-426d-a726-faf318a0e4a5,['6332d299f4e82632e7cbb77a'],"27/09/2022, 12:38:17",ibmq_ehningen,10000,linear_alternating,hn,5,3,Sato21_Nonnorm,Paulis,HTest,17,['ry'],cz,rx,rzz,ryy,hadamards,True,False,False
86c3903e-efdb-410c-ba02-02d0abad04e1,['6332d2ca6ebe099bfefb1219'],"27/09/2022, 12:39:05",ibmq_ehningen,100000,linear_alternating,hn,5,3,Sato21_Innerp,Paulis,HTest,17,['ry'],cz,rx,rzz,ryy,hadamards,True,False,False
4b87a701-4db8-41a9-8de1-6ea9bbf44b1f,['6332d2faf4e826f2f0cbb77b'],"27/09/2022, 12:39:54",ibmq_ehningen,100000,linear_alternating,hn,5,3,Sato21_Nonnorm,Paulis,HTest,17,['ry'],cz,rx,rzz,ryy,hadamards,True,False,False
99f0afe3-e83a-4d17-97dc-97294ba77201,['9d2312f9-9b95-4964-a7af-92d7ea668bbd'],"27/09/2022, 16:12:46",simulator,1000,linear_alternating,hn,5,3,Sato21_Nonnorm,SatoLiu21,HTest,50,['ry'],cz,rx,rzz,ryy,hadamards,True,False,False
fa387f77-8602-4235-b47b-e3eaef52be6f,['34e538c9-3425-4021-98b1-2ba1f261d203'],"27/09/2022, 16:19:44",simulator,1000,linear_alternating,hn,5,1,Sato21_Nonnorm,Sato21,HTest,50,['ry'],cz,rx,rzz,ryy,hadamards,True,False,False
de8b72c6-c4b3-4d01-95bc-3febe9c5101b,['7b071ce0-6781-4b01-b410-5a49d86dd5a2'],"27/09/2022, 16:21:49",simulator,1000,linear_alternating,hn,5,1,Sato21_Nonnorm,Sato21,HTest,10,['ry'],cz,rx,rzz,ryy,hadamards,True,False,False
bba76b64-4af0-44da-b521-a6232a030ba5,['01be3892-e858-482b-823d-999ac148352b'],"27/09/2022, 16:22:53",simulator,1000,linear_alternating,hn,5,1,Sato21_Innerp,Sato21,HTest,10,['ry'],cz,rx,rzz,ryy,hadamards,True,False,False
f0577c9b-b3e0-43d9-b9af-aa15dec8cdaa,['eeb19829-ca5e-43b4-a482-6c93daa66268'],"27/09/2022, 16:23:00",simulator,1000,linear_alternating,hn,5,1,Sato21_Nonnorm,Sato21,HTest,10,['ry'],cz,rx,rzz,ryy,hadamards,True,False,False
